"ID","Startzeit","Fertigstellungszeit","E.Mail","Name","Language","Zeitpunkt.der.letzten..nderung","Was.ist.Ihr.h.chster.Bildungsabschluss.","Welcher.Alterskategorie.geh.ren.Sie.an.","Ich.nutze.innerhalb.meines.Bekanntenkreis.oft.als.erste.Person.neue.technische.oder.digitale.Produkte.","Ich.informiere.mich.regelm..ig..ber.neueste.Entwicklungen.im.Software..und.Hardwarebereich.","Ich.bin.in.einem.IT.Berufsfeld.t.tig.","Ich.habe.bereits.Large.Language.Models.eingesetzt..wie.z.B..Chat.GPT.","Ich.habe.ein.generelles.Wissen..ber.die.Funktionsweise.von.KI.Modellen.","Ich.kenne.mich.insbesondere.mit.der.Funktionsweise.von.Generative.AI.aus.","Ich.glaube.nicht..dass.bei.dem.Gespr.ch..ber.mein.Problem.mit.der.Internetgeschwindigkeit.private.Daten.von.mir.freigegeben.werden.","Mir.ist.am.wichtigsten..dass.das.Problem.m.glichst.schnell.behoben.wird..wichtiger.als.der.Schutz.meiner.Privatsph.re.","Eine.strenge.Anmeldekontrolle.beim.IT.Support.zum.Schutz.meiner.Privatsph.re.w.rde.mich.st.ren.","Im.Folgenden.werden.Ihnen.verschiedene.virtuelle.Assistenten.vorgestellt..bitte.w.hen.Sie.welcher.Ihnen.am.meisten.zusagt.","Der.virtuelle.Assistent.zeichnet.Ihr.Gespr.ch.auf..um.Ihre.Aussagen.verarbeiten.und.beantworten.zu.k.nnen..Doch.zu.welchem.Zeitpunkt.soll.er.diese.Aufzeichnungen.wieder..vergessen..","Ich.sehe.meine.Privatsph.re.nur.dann.gef.hrdet..wenn.ein.Mensch.meine.aufgezeichneten.Daten.mitliest.","Das.ist.mir.bekannt.","Ich.habe.wenig.Bedenken.dar.ber..wenn.die.Daten.in.einem.Archiv.lediglich.gelagert.werden.","Ich.habe.wenig.Bedenken.dar.ber..dass.die.Daten.in.ein.Archiv.gelangen..das.von.einer.KI.ausgelesen.wird.","Wir.nehmen.an..das.Unternehmen.speichert.ihre.Gespr.chsverl.ufe..Ordnen.Sie.im.Folgenden.wie.und.wo.die.Daten.gespeichert.werden.sollen.","In.welchen.Situationen.wollen.Sie.vor.dem.Gespr.ch.dar.ber.informiert.werden..dass.ein.virtueller.Assistent.bei.der.Beratung..per.Telefon.oder.Chat..eingesetzt.wird...Mehrfachauswahl.m.glich.","In.welcher.Regelm..igkeit.m.chten.sie..ber.den.Einsatz.von.Virtuellen.Assistenten.im.IT.Support.informiert.werden.","Generell.bin.ich.bereit..meine.Daten.f.r.Trainingszwecke.zur.Verf.gung.zu.stellen.","In.welcher.Regelm..igkeit.m.chten.sie..ber.das.Sammeln.von.Trainingsdaten.informiert.werden.","Ich.m.chte.nicht..dass.die.Archivdaten..falls.meine.Daten.darin.vorhanden.sind..an.eine.KI.f.r.Trainingszwecke.weitergegeben.werden.","Generell.halte.ich.es.aber.f.r.sinnvoll.wenn.das.Unternehmen.ein.Archiv.mit.abgeschlossenen.F.llen.verwendet.","Das.Telekommunikationsunternehmen.erschafft.den.virtuellen.Assistenten.basierend.auf.dem.eigenen.Datensatz.und.mit.eigenen.Entwicklerteams.","Das.Telekommunikationsunternehmen.kauft.einen.etablierten.KI.Assistenten.von.einem.Spezialisten.Unternehmen..z.B..ChatGPT.von.OpenAI..ein..Es.ist.nicht.nachvollziehbar..wie.und.basierend.auf.welch...","Das.Telekommunikationsunternehmen.lagert.die.vollst.ndige.Entwicklung.aus..Es.ist.davon.auszugehen..dass.der.Drittanbieter.auch.auf.bestehende.Modelle.zur.ckgreift..Das.Telekommunikationsunternehm...","Ich.m.chte.nicht..dass.ein.virtueller.Assistent.dar.ber.urteilt..an.welchen.Mitarbeiter.mein.Problem.weitergeleitet.wird.","Ich.denke.f.r.meine.Zwecke.sind.die.Ergebnisse.des.virtuellen.Assistenten.v.llig.ausreichend.","Ich.vertraue.den.Ergebnissen.eines.virtuellen.Assistenten.","Ich.vertraue.den.Ergebnissen.eines.virtuellen.Assistenten.mehr.als.denen.eines.Menschen.","Wenn.der.virtuelle.Assistent.zu.seinem.L.sungsvorschlag.zus.tzlich.eine.Begr.ndung.oder.Argumentation.ausgibt..vertraue.ich.seinem.Ergebnis.eher.","Wenn.die.Firma.transparent.darstellt..auf.welcher.Datengrundlage.der.virtuelle.Assistent.trainiert.wurde.vertraue.ich.dem.virtuellen.Assistenten.mehr.","Einen.Techniker..der.sich.vor.Ort.um.mein.Problem.k.mmert..halte.ich.f.r.unprofessionell.wenn.ich.merke..dass.er.auf.seinem.Smartphone.einen.virtuellen.Assistenten.einsetzt.","Ich.kommuniziere.ausschlie.lich.mit.einem.menschlichen.Mitarbeiter.","Ich.telefoniere.mit.einem.menschlichen.Mitarbeiter..Dieser.nutzt.den.Assistenten.optional..indem.er.mit.diesem.per.Chat.kommuniziert.","Ich.telefoniere.mit.einem.Menschen..der.virtuelle.Assistent.h.rt.das.Gespr.ch.mit.und.schl.gt.dem.Mitarbeiter.mehrere.Ergebnisse.vor..Der.Mitarbeiter.w.hlt.das.am.besten.Passende.nach.Gef.hl.Erfah...","Ich.telefoniere.mit.einem.virtuellen.Assistenten..dieser.erarbeitet.die.L.sung.weitgehend.selbstst.ndig..ein.Mensch.wird.lediglich.zur.abschlie.enden.Kontrolle.des.L.sungsvorschlags.eingesetzt.","Ich.telefoniere.direkt.mit.einem.virtuellen.Assistenten.und.er.gibt.mir.selbstst.ndig.L.sungsvorschl.ge.","Ich.chatte.direkt.mit.einem.virtuellen.Assistenten.und.dieser.gibt.mir.selbstst.ndig.L.sungsvorschl.ge.","In.diesen.Aufgaben.vertraue.ich.virtuellen.Assistenten..Mehrfache.Auswahl.m.glich.","Ich.habe.au.erdem.folgende.Bedenken.bei.Virtuellen.Assistenten.im.IT.Support","In.dieser.Sprache.habe.ich.den.Umfragebogen.bearbeitet.","openess.towards.new.technologies","preknowledge.about.ai","combined_openess","agree_to_share_data","summary_of_h1","score_h1","agree_to_data_collection","prefer_in_house_inverted","summary_of_h2","score_h2","score_h3","score_h4","score_h5","score_h6","distrust_in_common_solution","summary_of_h7","score_h7","summary_of_h1_percentile","summary_of_h2_percentile","summary_of_h3_percentile","summary_of_h4_percentile","summary_of_h5_percentile","summary_of_h6_percentile","summary_of_h7_percentile"
"14","4.22.24 18:09:45","4.22.24 18:20:31","anonymous",NA,"Deutsch",NA,"Hochschule (Magister) / Master","60 oder lter"," 2"," 3",FALSE,TRUE," 3"," 1"," 2"," 0"," 0",5,5," 2"," 8","9",8,8,"Wenn ich direkt mit einem virtuellen Assistenten kommuniziere.;",10," 3",10,"8"," 8"," 8"," 3","0","10",9,5,9,9,8,9," 3"," 8"," 9","8",5,5,3,"Ungenaue Fragestellung fhrt zu langem hin und her oder Antworten,  die nicht auf mein Problem bezogen sind","deutsch","laggard","unexperienced","unexperienced-laggard",10,59,1,2,2,22,0,1,1,1,1,7,81,1,84.2857142857143,24.4444444444444,100,100,100,100,77.1428571428572
"15","4.22.24 19:13:57","4.22.24 19:23:23","anonymous",NA,"Deutsch",NA,"Hochschule (Diplom) / Bachelor","21 - 29"," 4"," 7",FALSE,TRUE," 6"," 4"," 7"," 6"," 3",10,10," 7"," 2","7",4,8,"Wenn ich mit einem menschlichen Mitarbeiter kommuniziere und dieser mit einem virtuellen Assistenten in Kontakt steht.;Wenn ich direkt mit einem virtuellen Assistenten kommuniziere.;Wenn ich mit einem Menschen kommuniziere und der virtuelle Assistent mitliet oder mithrt, um dem menschlichen Mitarbeiter in Echtzeit Tipps zu geben.;",5," 6",5,"7"," 6"," 8"," 6","3"," 3",3,3,4,8,7,7," 3"," 6"," 6","7",2,2,0,"Noch am ehesten, dass meine Daten in falsche Hnde geraten, sonst hab ich keine Bedenken ","deutsch","majority","rather experienced","rather experienced-majority",7,42,1,3,2,53,1,1,0,1,0,4,44,0,60,58.8888888888889,50,50,50,50,41.9047619047619
"16","4.22.24 19:16:42","4.22.24 19:27:48","anonymous",NA,"Deutsch",NA,"Hochschule (Magister) / Master","30 - 39"," 7"," 9",FALSE,TRUE," 7"," 3"," 6"," 8"," 7",10,10," 0"," 2","7",3,9,"Wenn ich direkt mit einem virtuellen Assistenten kommuniziere.;Wenn ich mit einem Menschen kommuniziere und der virtuelle Assistent mitliet oder mithrt, um dem menschlichen Mitarbeiter in Echtzeit Tipps zu geben.;",10,"10",10,"0"," 8"," 3"," 6","5"," 0",5,3,7,10,8,10," 8"," 8"," 8","8",8,4,2,"","deutsch","early adopter","experienced","experienced-early adopter",5,42,1,10,7,74,1,1,1,1,1,4,66,1,60,82.2222222222222,100,100,100,100,62.8571428571429
"17","4.22.24 19:27:47","4.22.24 19:36:12","anonymous",NA,"Deutsch",NA,"Hochschule (Diplom) / Bachelor","21 - 29"," 8"," 8",FALSE,TRUE," 7"," 4"," 1"," 8"," 5",10,10," 4"," 7","7",2,10,"Wenn ich mit einem menschlichen Mitarbeiter kommuniziere und dieser mit einem virtuellen Assistenten in Kontakt steht.;Wenn ich direkt mit einem virtuellen Assistenten kommuniziere.;Wenn ich mit einem Menschen kommuniziere und der virtuelle Assistent mitliet oder mithrt, um dem menschlichen Mitarbeiter in Echtzeit Tipps zu geben.;",5," 6",5,"3"," 8"," 9"," 7","5"," 2",5,6,9,8,7,3,"10"," 9"," 7","6",5,5,2,"","deutsch","early adopter","experienced","experienced-early adopter",5,41,1,7,1,55,1,1,0,1,0,3,65,1,58.5714285714286,61.1111111111111,50,50,50,50,61.9047619047619
"18","4.22.24 19:39:14","4.22.24 19:46:29","anonymous",NA,"Deutsch",NA,"Gymnasium (Abitur) ","21 - 29"," 9"," 8",FALSE,TRUE," 6"," 5"," 4"," 2"," 1",5,5," 2"," 8","4",5,10,"Wenn ich direkt mit einem virtuellen Assistenten kommuniziere.;Wenn ich mit einem Menschen kommuniziere und der virtuelle Assistent mitliet oder mithrt, um dem menschlichen Mitarbeiter in Echtzeit Tipps zu geben.;",10," 5",10,"6"," 8"," 8"," 7","0"," 1",5,5,7,9,8,6," 0"," 6"," 4","4",7,2,0,"","deutsch","early adopter","experienced","experienced-early adopter",10,51,1,4,2,35,0,1,1,1,1,3,45,0,72.8571428571428,38.8888888888889,100,100,100,100,42.8571428571429
"19","4.22.24 19:41:26","4.22.24 19:56:49","anonymous",NA,"Deutsch",NA,"Hochschule (Magister) / Master","21 - 29"," 7"," 7",FALSE,TRUE," 6"," 0"," 0"," 6"," 4",10,5," 0"," 7","3",4,9,"Wenn ich direkt mit einem virtuellen Assistenten kommuniziere.;",5," 6",5,"3","10"," 4"," 7","3"," 3",7,3,9,8,10,3," 8"," 8"," 9","8",2,3,1,"Kein ausgereiftes Modell, was zu Verzgerungen fhrt. Bisher habe ich im Supportbereich nur sehr eingeschrnkt performante virtuelle Assistenten erlebt, die eher dem Abwimmeln dienen","deutsch","majority","experienced","experienced-majority",7,46,1,7,6,51,1,1,0,1,0,3,59,1,65.7142857142857,56.6666666666667,50,50,50,50,56.1904761904762
"20","4.22.24 19:42:01","4.22.24 19:57:57","anonymous",NA,"Deutsch",NA,"Hochschule (Diplom) / Bachelor","21 - 29"," 7"," 4",FALSE,TRUE," 2"," 2"," 6"," 8"," 6",5,10," 2"," 0","7",3,9,"Wenn ich mit einem Menschen kommuniziere und der virtuelle Assistent mitliet oder mithrt, um dem menschlichen Mitarbeiter in Echtzeit Tipps zu geben.;Wenn ich mit einem menschlichen Mitarbeiter kommuniziere und dieser mit einem virtuellen Assistenten in Kontakt steht.;",5," 8",0,"2"," 7"," 7"," 3","5"," 1",3,3,7,8,8,5," 3"," 5"," 7","8",7,3,2,"Keine. ","deutsch","majority","rather experienced","rather experienced-majority",5,41,1,8,3,57,1,0,0,1,0,7,53,1,58.5714285714286,63.3333333333333,0,0,50,50,50.4761904761905
"21","4.22.24 19:47:53","4.22.24 19:59:32","anonymous",NA,"Deutsch",NA,"Hochschule (Diplom) / Bachelor","21 - 29"," 8","10",FALSE,TRUE," 9"," 7"," 2"," 4"," 2",5,5," 0"," 3","7",8,9,"Wenn ich mit einem Menschen kommuniziere und der virtuelle Assistent mitliet oder mithrt, um dem menschlichen Mitarbeiter in Echtzeit Tipps zu geben.;Wenn ich direkt mit einem virtuellen Assistenten kommuniziere.;",10," 8",10,"8","10","10"," 9","7"," 3",7,8,8,6,5,10," 8","10"," 9","7",4,2,3,"","deutsch","early adopter","experienced","experienced-early adopter",3,55,1,2,0,37,0,1,1,1,1,1,72,1,78.5714285714286,41.1111111111111,100,100,100,100,68.5714285714286
"22","4.22.24 19:51:21","4.22.24 20:04:43","anonymous",NA,"Deutsch",NA,"Hochschule (Magister) / Master","21 - 29"," 6"," 6",FALSE,TRUE," 7"," 5"," 6"," 0"," 0",5,5," 0"," 8","7",3,3,"Wenn ich direkt mit einem virtuellen Assistenten kommuniziere.;Wenn ich mit einem menschlichen Mitarbeiter kommuniziere und dieser mit einem virtuellen Assistenten in Kontakt steht.;Wenn ich mit einem Menschen kommuniziere und der virtuelle Assistent mitliet oder mithrt, um dem menschlichen Mitarbeiter in Echtzeit Tipps zu geben.;",10," 5",10,"5","10"," 8"," 5","5"," 5",4,3,8,10,2,7," 3"," 7"," 8","8",3,3,2,"","deutsch","majority","experienced","experienced-majority",5,43,1,5,2,33,0,1,1,1,1,5,58,1,61.4285714285714,36.6666666666667,100,100,100,100,55.2380952380952
"23","4.22.24 20:19:42","4.22.24 20:31:48","anonymous",NA,"English (United Kingdom)?",NA,"Hochschule (Diplom) / Bachelor","21 - 29"," 7"," 9",TRUE,TRUE," 9"," 9"," 7"," 2"," 2",0,2," 2"," 7","7",3,6,"Wenn ich mit einem menschlichen Mitarbeiter kommuniziere und dieser mit einem virtuellen Assistenten in Kontakt steht.;",10," 3",10,"7"," 6"," 6"," 7","8"," 6",4,5,7,6,3,5," 6"," 6"," 6","7",5,5,2,"","englisch","early adopter","experienced","experienced-early adopter",2,39,1,3,4,30,0,1,1,1,1,3,60,1,55.7142857142857,33.3333333333333,100,100,100,100,57.1428571428571
"24","4.22.24 20:24:15","4.22.24 20:32:56","anonymous",NA,"Deutsch",NA,"Hochschule (Magister) / Master","21 - 29"," 1"," 0",FALSE,TRUE," 4"," 0"," 0"," 3"," 4",5,5," 0"," 0","4",9,10,"Wenn ich mit einem menschlichen Mitarbeiter kommuniziere und dieser mit einem virtuellen Assistenten in Kontakt steht.;Wenn ich direkt mit einem virtuellen Assistenten kommuniziere.;Wenn ich mit einem Menschen kommuniziere und der virtuelle Assistent mitliet oder mithrt, um dem menschlichen Mitarbeiter in Echtzeit Tipps zu geben.;",10,"10",10,"1"," 8"," 6"," 9","9"," 2",5,5,6,7,8,5," 3"," 7"," 5","3",10,10,3,"","deutsch","laggard","unexperienced","unexperienced-laggard",1,43,1,9,4,49,1,1,1,1,1,1,60,1,61.4285714285714,54.4444444444444,100,100,100,100,57.1428571428571
"25","4.22.24 20:34:29","4.22.24 20:46:30","anonymous",NA,"Deutsch",NA,"Hochschule (Diplom) / Bachelor","30 - 39"," 8"," 6",TRUE,TRUE," 5"," 3"," 0"," 6"," 1",5,2," 0","10","7",7,8,"Wenn ich direkt mit einem virtuellen Assistenten kommuniziere.;",10," 5",10,"9"," 7"," 3"," 6","9"," 3",1,3,5,8,7,4," 2"," 2"," 4","3",8,6,1,"meine Daten werden gegen mich verwendet z.B. Preispolitik","deutsch","early adopter","experienced","experienced-early adopter",1,49,1,1,7,33,0,1,1,1,1,4,42,0,70,36.6666666666667,100,100,100,100,40
"26","4.22.24 20:36:18","4.22.24 20:49:22","anonymous",NA,"Deutsch",NA,"Hochschule (Diplom) / Bachelor","21 - 29"," 0"," 0",FALSE,TRUE," 1"," 0"," 0"," 2"," 0",0,5," 0"," 4","0",10,10,"Wenn ich mit einem menschlichen Mitarbeiter kommuniziere und dieser mit einem virtuellen Assistenten in Kontakt steht.;Wenn ich direkt mit einem virtuellen Assistenten kommuniziere.;Wenn ich mit einem Menschen kommuniziere und der virtuelle Assistent mitliet oder mithrt, um dem menschlichen Mitarbeiter in Echtzeit Tipps zu geben.;",10," 0",10,"8"," 3"," 8"," 2","0"," 8",8,10,10,10,5,0,"10"," 1"," 1","6",10,10,1,"","deutsch","laggard","unexperienced","unexperienced-laggard",10,51,1,2,2,13,0,1,1,1,1,8,78,1,72.8571428571428,14.4444444444444,100,100,100,100,74.2857142857143
"27","4.22.24 20:43:21","4.22.24 20:50:16","anonymous",NA,"Deutsch",NA,"Hochschule (Diplom) / Bachelor","21 - 29"," 9"," 9",TRUE,TRUE," 7"," 6"," 1"," 8"," 9",10,2,"10"," 9","6",1,6,"Wenn ich mit einem menschlichen Mitarbeiter kommuniziere und dieser mit einem virtuellen Assistenten in Kontakt steht.;Wenn ich direkt mit einem virtuellen Assistenten kommuniziere.;Wenn ich mit einem Menschen kommuniziere und der virtuelle Assistent mitliet oder mithrt, um dem menschlichen Mitarbeiter in Echtzeit Tipps zu geben.;",10," 8",10,"3"," 9"," 9"," 3","3"," 1",3,0,0,7,7,10," 0"," 4"," 5","6",2,1,0,"","deutsch","early adopter","experienced","experienced-early adopter",7,32,0,7,1,49,1,1,1,1,1,7,35,0,45.7142857142857,54.4444444444444,100,100,100,100,33.3333333333333
"28","4.22.24 20:50:04","4.22.24 20:57:26","anonymous",NA,"Deutsch",NA,"Gymnasium (Abitur) ","18 - 20"," 2"," 0",FALSE,FALSE," 6"," 3"," 3"," 7"," 1",5,2," 2"," 5","3",8,9,"Wenn ich mit einem menschlichen Mitarbeiter kommuniziere und dieser mit einem virtuellen Assistenten in Kontakt steht.;Wenn ich direkt mit einem virtuellen Assistenten kommuniziere.;Wenn ich mit einem Menschen kommuniziere und der virtuelle Assistent mitliet oder mithrt, um dem menschlichen Mitarbeiter in Echtzeit Tipps zu geben.;",10," 1",10,"4"," 7"," 8"," 6","3"," 3",3,3,7,7,7,4,"10"," 7"," 4","3",9,9,4,"","deutsch","laggard","unexperienced","unexperienced-laggard",7,46,1,6,2,33,0,1,1,1,1,4,65,1,65.7142857142857,36.6666666666667,100,100,100,100,61.9047619047619
"29","4.22.24 20:50:09","4.22.24 20:58:02","anonymous",NA,"Deutsch",NA,"Hochschule (Magister) / Master","30 - 39"," 8"," 6",FALSE,TRUE," 8"," 8"," 5"," 9"," 8",5,10," 4"," 7","8",2,6,"Wenn ich direkt mit einem virtuellen Assistenten kommuniziere.;",5,"10",5,"9"," 9"," 3"," 5","5"," 0",1,2,5,7,7,7," 0"," 5"," 5","7",3,3,1,"","deutsch","majority","experienced","experienced-majority",5,45,1,1,7,60,1,1,0,1,0,5,38,0,64.2857142857143,66.6666666666667,50,50,50,50,36.1904761904762
"30","4.22.24 19:37:12","4.22.24 21:10:27","anonymous",NA,"Deutsch",NA,"Hochschule (Magister) / Master","40 - 49"," 5"," 5",FALSE,TRUE," 6"," 4"," 0"," 4"," 2",5,5," 0","10","3",6,8,"Wenn ich mit einem menschlichen Mitarbeiter kommuniziere und dieser mit einem virtuellen Assistenten in Kontakt steht.;Wenn ich direkt mit einem virtuellen Assistenten kommuniziere.;Wenn ich mit einem Menschen kommuniziere und der virtuelle Assistent mitliet oder mithrt, um dem menschlichen Mitarbeiter in Echtzeit Tipps zu geben.;",5," 4",10,"8"," 8"," 8"," 5","5"," 2",5,5,6,7,4,6," 5"," 7"," 7","4",6,6,3,"","deutsch","majority","rather experienced","rather experienced-majority",5,48,1,2,2,29,0,1,1,1,0,5,61,1,68.5714285714286,32.2222222222222,100,100,50,50,58.0952380952381
"31","4.22.24 21:08:17","4.22.24 21:22:03","anonymous",NA,"English (United Kingdom)?",NA,"Hochschule (Diplom) / Bachelor","21 - 29"," 7"," 5",FALSE,TRUE," 8"," 8"," 3"," 3"," 1",5,2,"10"," 7","5",4,4,"Wenn ich direkt mit einem virtuellen Assistenten kommuniziere.;Wenn ich mit einem Menschen kommuniziere und der virtuelle Assistent mitliet oder mithrt, um dem menschlichen Mitarbeiter in Echtzeit Tipps zu geben.;",10," 3",10,"8"," 4"," 6"," 5","6"," 8",3,5,4,8,7,4," 3"," 5"," 4","7",3,3,2,"","englisch","majority","experienced","experienced-majority",4,29,0,2,4,28,0,1,1,1,1,5,50,0,41.4285714285714,31.1111111111111,100,100,100,100,47.6190476190476
"32","4.22.24 20:58:46","4.22.24 21:27:33","anonymous",NA,"Deutsch",NA,"Hochschule (Diplom) / Bachelor","21 - 29"," 5"," 2",FALSE,TRUE," 1"," 0"," 5"," 3"," 4",10,5," 3"," 3","4",7,9,"Wenn ich direkt mit einem virtuellen Assistenten kommuniziere.;",5," 6",5,"2"," 8"," 8"," 8","6"," 3",5,6,7,7,7,5," 8"," 7"," 6","6",5,5,0,"","deutsch","laggard","rather experienced","others",4,41,1,8,2,51,1,1,0,1,0,2,58,1,58.5714285714286,56.6666666666667,50,50,50,50,55.2380952380952
"33","4.22.24 21:22:29","4.22.24 21:36:28","anonymous",NA,"Deutsch",NA,"Gymnasium (Abitur) ","21 - 29"," 9"," 9",FALSE,TRUE," 9"," 7"," 2"," 3"," 5",5,5," 7"," 8","3",7,9,"Wenn ich direkt mit einem virtuellen Assistenten kommuniziere.;Wenn ich mit einem Menschen kommuniziere und der virtuelle Assistent mitliet oder mithrt, um dem menschlichen Mitarbeiter in Echtzeit Tipps zu geben.;",5," 8",5,"5"," 5","10"," 7","2"," 2",3,3,5,8,10,8," 5"," 9"," 7","6",5,7,1,"","deutsch","early adopter","experienced","experienced-early adopter",8,40,1,5,0,40,0,1,0,1,0,3,57,1,57.1428571428571,44.4444444444444,50,50,50,50,54.2857142857143
"34","4.22.24 21:36:11","4.22.24 21:49:20","anonymous",NA,"English (United Kingdom)?",NA,"Hochschule (Magister) / Master","21 - 29"," 5"," 8",FALSE,TRUE," 5"," 4"," 4"," 3"," 7",5,5," 3"," 5","3",6,9,"Wenn ich mit einem menschlichen Mitarbeiter kommuniziere und dieser mit einem virtuellen Assistenten in Kontakt steht.;Wenn ich direkt mit einem virtuellen Assistenten kommuniziere.;",10," 7",10,"5"," 7"," 8"," 5","3"," 2",3,2,6,7,7,5," 3"," 5"," 8","6",5,4,3,"","englisch","majority","experienced","experienced-majority",7,44,1,5,2,43,0,1,1,1,1,5,50,0,62.8571428571429,47.7777777777778,100,100,100,100,47.6190476190476
"35","4.22.24 21:38:30","4.22.24 21:51:47","anonymous",NA,"Deutsch",NA,"Hochschule (Magister) / Master","21 - 29"," 7"," 2",FALSE,TRUE," 6"," 3"," 6"," 4"," 6",5,10," 2"," 4","2",8,10,"Wenn ich direkt mit einem virtuellen Assistenten kommuniziere.;",5," 3",10,"2"," 8"," 7"," 5","1"," 1",7,7,7,7,7,8," 9"," 9"," 3","2",9,10,2,"","deutsch","majority","rather experienced","rather experienced-majority",9,47,1,8,3,50,1,1,1,1,0,5,74,1,67.1428571428571,55.5555555555556,100,100,50,50,70.4761904761905
"36","4.22.24 21:42:55","4.22.24 22:04:26","anonymous",NA,"Deutsch",NA,"Hochschule (Magister) / Master","21 - 29"," 5"," 8",FALSE,TRUE," 7"," 4"," 3"," 6"," 4",5,5," 7"," 5","3",5,10,"Wenn ich mit einem Menschen kommuniziere und der virtuelle Assistent mitliet oder mithrt, um dem menschlichen Mitarbeiter in Echtzeit Tipps zu geben.;Wenn ich direkt mit einem virtuellen Assistenten kommuniziere.;Wenn ich mit einem menschlichen Mitarbeiter kommuniziere und dieser mit einem virtuellen Assistenten in Kontakt steht.;",5," 1",5,"7"," 7"," 8"," 7","4"," 4",4,3,7,10,5,7," 3"," 7"," 7","7",6,3,2,"","deutsch","majority","experienced","experienced-majority",6,41,1,3,2,36,0,1,0,1,0,3,56,1,58.5714285714286,40,50,50,50,50,53.3333333333333
"37","4.22.24 22:06:22","4.22.24 22:11:58","anonymous",NA,"English (United Kingdom)?",NA,"Hochschule (Diplom) / Bachelor","21 - 29"," 4"," 3",FALSE,TRUE," 4"," 2"," 9"," 9"," 9",10,5," 6"," 9","9",8,9,"Wenn ich mit einem Menschen kommuniziere und der virtuelle Assistent mitliet oder mithrt, um dem menschlichen Mitarbeiter in Echtzeit Tipps zu geben.;",0,"10",0,"3"," 4"," 3"," 5","6","10",9,1,4,7,5,4," 1"," 8"," 8","7",2,3,2,"","englisch","laggard","rather experienced","others",4,41,1,7,7,71,1,0,0,0,0,5,58,1,58.5714285714286,78.8888888888889,0,0,0,0,55.2380952380952
"38","4.22.24 23:26:08","4.22.24 23:38:48","anonymous",NA,"Deutsch",NA,"Hochschule (Diplom) / Bachelor","21 - 29"," 3"," 1",FALSE,FALSE," 2"," 0"," 3"," 8"," 1",5,10," 6"," 7","4",6,9,"Wenn ich mit einem Menschen kommuniziere und der virtuelle Assistent mitliet oder mithrt, um dem menschlichen Mitarbeiter in Echtzeit Tipps zu geben.;Wenn ich direkt mit einem virtuellen Assistenten kommuniziere.;Wenn ich mit einem menschlichen Mitarbeiter kommuniziere und dieser mit einem virtuellen Assistenten in Kontakt steht.;",10," 9",5,"3"," 9"," 8"," 2","2"," 3",5,5,3,9,8,9," 3"," 5"," 7","4",7,8,2,"","deutsch","laggard","unexperienced","unexperienced-laggard",8,43,1,7,2,47,1,1,0,1,1,8,63,1,61.4285714285714,52.2222222222222,50,50,100,100,60
"39","4.23.24 1:37:44","4.23.24 1:50:58","anonymous",NA,"Deutsch",NA,"Hochschule (Diplom) / Bachelor","21 - 29"," 8"," 7",FALSE,TRUE," 5"," 5"," 3"," 8"," 3",10,0," 5"," 6","8",2,3,"Wenn ich direkt mit einem virtuellen Assistenten kommuniziere.;",0," 9",0,"9"," 7"," 7"," 8","8"," 2",2,3,2,5,5,6," 1"," 3"," 5","7",1,0,0,"","deutsch","majority","experienced","experienced-majority",2,36,1,1,3,45,0,0,0,0,0,2,30,0,51.4285714285714,50,0,0,0,0,28.5714285714286
"40","4.23.24 7:32:58","4.23.24 7:45:37","anonymous",NA,"Deutsch",NA,"Hochschule (Diplom) / Bachelor","21 - 29"," 2"," 2",FALSE,TRUE," 3"," 1"," 3"," 7"," 5",10,10," 4"," 6","5",5,10,"Wenn ich direkt mit einem virtuellen Assistenten kommuniziere.;",10," 6",10,"4"," 7"," 5"," 5","7"," 7",5,5,6,5,5,6," 5"," 5"," 5","5",5,5,3,"","deutsch","laggard","unexperienced","unexperienced-laggard",3,40,1,6,5,57,1,1,1,1,1,5,61,1,57.1428571428571,63.3333333333333,100,100,100,100,58.0952380952381
"41","4.23.24 7:10:29","4.23.24 8:04:19","anonymous",NA,"Deutsch",NA,"Abgeschlossene Ausbildung ","30 - 39"," 7"," 8",TRUE,TRUE," 7"," 8"," 2"," 5"," 2",5,2," 2"," 9","3",8,6,"Wenn ich mit einem menschlichen Mitarbeiter kommuniziere und dieser mit einem virtuellen Assistenten in Kontakt steht.;Wenn ich direkt mit einem virtuellen Assistenten kommuniziere.;Wenn ich mit einem Menschen kommuniziere und der virtuelle Assistent mitliet oder mithrt, um dem menschlichen Mitarbeiter in Echtzeit Tipps zu geben.;",10," 5",10,"3","10"," 8"," 5","5"," 3",7,5,5,7,7,5," 3"," 3"," 8","6",5,5,2,"Niedriger Datensatz = schlechtere Hilfe. Neue Flle= zeitaufwndig (whlen durch die DB, Frage- Antwort- hagel, letztendlich kein Ergebnis)  ","deutsch","early adopter","experienced","experienced-early adopter",5,43,1,7,2,35,0,1,1,1,1,5,56,1,61.4285714285714,38.8888888888889,100,100,100,100,53.3333333333333
"42","4.23.24 7:52:41","4.23.24 8:07:31","anonymous",NA,"Deutsch",NA,"Hochschule (Diplom) / Bachelor","30 - 39"," 5"," 4",FALSE,TRUE," 2"," 2"," 1"," 8"," 3",5,5," 2","10","8",2,8,"Wenn ich direkt mit einem virtuellen Assistenten kommuniziere.;Wenn ich mit einem Menschen kommuniziere und der virtuelle Assistent mitliet oder mithrt, um dem menschlichen Mitarbeiter in Echtzeit Tipps zu geben.;",5," 8",10,"2","10","10"," 7","5"," 5",5,6,8,6,5,4," 2"," 9"," 9","7",3,0,0,"Ich finde KI (egal ob im IT Support oder grundstzlich) kann eine Hilfe/Entlastung sein aber aber nur wenn es im Nachgang noch ein menschliche Kontrollfunktion gibt bzw. die Option ber menschlichen Support vorhanden ist. ","deutsch","majority","rather experienced","rather experienced-majority",5,43,1,8,0,45,0,1,1,1,0,3,53,1,61.4285714285714,50,100,100,50,50,50.4761904761905
"43","4.23.24 13:31:05","4.23.24 13:41:31","anonymous",NA,"Deutsch",NA,"Hochschule (Promotion) ","50 - 59","10"," 1",TRUE,FALSE," 9"," 0"," 9"," 8","10",10,10," 1"," 9","9",1,9,"Wenn ich mit einem menschlichen Mitarbeiter kommuniziere und dieser mit einem virtuellen Assistenten in Kontakt steht.;Wenn ich direkt mit einem virtuellen Assistenten kommuniziere.;Wenn ich mit einem Menschen kommuniziere und der virtuelle Assistent mitliet oder mithrt, um dem menschlichen Mitarbeiter in Echtzeit Tipps zu geben.;",10," 9",10,"0"," 9"," 7"," 5","0"," 3",2,2,7,9,9,10," 0"," 5"," 8","8",2,2,2,"In der ffentlichen Verwaltung und in der Verwaltung von Grokonzernen ist der Umstieg auf KI berfllig und dringend erforderlich.","deutsch","early adopter","rather experienced","others",10,47,1,10,3,74,1,1,1,1,1,5,49,0,67.1428571428571,82.2222222222222,100,100,100,100,46.6666666666667
"44","4.23.24 13:34:18","4.23.24 13:57:34","anonymous",NA,"English (United Kingdom)?",NA,"Hochschule (Magister) / Master","30 - 39"," 8"," 7",FALSE,TRUE," 6"," 5"," 8"," 4"," 5",10,10," 7"," 2","8",5,9,"Wenn ich mit einem Menschen kommuniziere und der virtuelle Assistent mitliet oder mithrt, um dem menschlichen Mitarbeiter in Echtzeit Tipps zu geben.;Wenn ich direkt mit einem virtuellen Assistenten kommuniziere.;",5," 6",5,"4"," 6"," 4"," 8","6"," 3",1,2,3,7,9,8," 2"," 9"," 8","7",2,2,4,"","englisch","majority","experienced","experienced-majority",4,39,1,6,6,63,1,1,0,1,0,2,47,0,55.7142857142857,70,50,50,50,50,44.7619047619048
"45","4.23.24 16:22:41","4.23.24 16:31:51","anonymous",NA,"Deutsch",NA,"Hochschule (Diplom) / Bachelor","21 - 29","10"," 9",TRUE,TRUE," 9"," 8"," 3"," 9"," 8",10,10," 2"," 7","7",3,9,"Wenn ich direkt mit einem virtuellen Assistenten kommuniziere.;Wenn ich mit einem menschlichen Mitarbeiter kommuniziere und dieser mit einem virtuellen Assistenten in Kontakt steht.;Wenn ich mit einem Menschen kommuniziere und der virtuelle Assistent mitliet oder mithrt, um dem menschlichen Mitarbeiter in Echtzeit Tipps zu geben.;",10," 9",10,"2"," 8"," 9"," 7","5"," 2",7,4,8,10,10,8," 1"," 9"," 8","8",3,3,1,"Anliegen wird in vorgefertigte Kategorien ""gepresst"": Sonderfall wird nicht als solcher behandelt","deutsch","early adopter","experienced","experienced-early adopter",5,42,1,8,1,65,1,1,1,1,1,3,57,1,60,72.2222222222222,100,100,100,100,54.2857142857143
"46","4.23.24 18:01:33","4.23.24 18:13:00","anonymous",NA,"Deutsch",NA,"Hochschule (Magister) / Master","21 - 29"," 5"," 5",TRUE,FALSE,"10"," 6"," 8"," 1"," 7",5,10," 3"," 8","4",6,10,"Wenn ich mit einem menschlichen Mitarbeiter kommuniziere und dieser mit einem virtuellen Assistenten in Kontakt steht.;Wenn ich direkt mit einem virtuellen Assistenten kommuniziere.;Wenn ich mit einem Menschen kommuniziere und der virtuelle Assistent mitliet oder mithrt, um dem menschlichen Mitarbeiter in Echtzeit Tipps zu geben.;",10," 7",10,"7"," 3"," 7"," 3","3"," 2",3,5,10,2,5,5," 0"," 3"," 2","7",5,4,4,"","deutsch","early adopter","rather experienced","others",7,44,1,3,3,47,1,1,1,1,1,7,52,0,62.8571428571429,52.2222222222222,100,100,100,100,49.5238095238095
"47","4.23.24 18:24:04","4.23.24 18:33:04","anonymous",NA,"Deutsch",NA,"Abgeschlossene Ausbildung ","21 - 29"," 5"," 3",FALSE,FALSE," 0"," 0"," 5"," 7"," 3",5,5," 5"," 8","5",5,3,"Wenn ich mit einem menschlichen Mitarbeiter kommuniziere und dieser mit einem virtuellen Assistenten in Kontakt steht.;",10," 7",0,"7"," 6"," 5"," 5","5","10",0,5,10,5,5,10,"10"," 5"," 5","5",5,5,4,"","deutsch","majority","rather experienced","rather experienced-majority",5,36,1,3,5,45,0,0,0,1,1,5,73,1,51.4285714285714,50,0,0,100,100,69.5238095238095
"48","4.23.24 22:11:24","4.23.24 22:32:46","anonymous",NA,"English (United Kingdom)?",NA,"Hochschule (Magister) / Master","21 - 29"," 8"," 7",TRUE,TRUE," 5"," 2"," 8"," 5"," 8",5,2," 8"," 4","3",8,8,"Wenn ich direkt mit einem virtuellen Assistenten kommuniziere.;",5," 6",5,"5"," 3"," 8"," 8","8"," 1",4,3,5,7,7,5," 0"," 7"," 7","8",2,1,3,"That they dont have the answer to my question. Otherwise all good. I trust virtual assistants more than human assistants.","englisch","early adopter","experienced","experienced-early adopter",2,31,0,5,2,49,1,1,0,1,0,2,41,0,44.2857142857143,54.4444444444444,50,50,50,50,39.0476190476191
"49","4.23.24 22:15:08","4.23.24 22:37:02","anonymous",NA,"Deutsch",NA,"Hochschule (Magister) / Master","21 - 29"," 8"," 8",TRUE,TRUE,"10","10"," 6"," 8"," 8",5,5," 1"," 1","4",6,7,"Wenn ich mit einem menschlichen Mitarbeiter kommuniziere und dieser mit einem virtuellen Assistenten in Kontakt steht.;Wenn ich direkt mit einem virtuellen Assistenten kommuniziere.;Wenn ich mit einem Menschen kommuniziere und der virtuelle Assistent mitliet oder mithrt, um dem menschlichen Mitarbeiter in Echtzeit Tipps zu geben.;",5," 4",5,"7"," 7"," 7","10","7"," 6",0,3,7,2,3,1,"10"," 9"," 7","5",6,7,1,"Unbeabsichtigte oder beabsichtigte Abspeicherung persnlicher Daten (Name, Wohnort, Kundennummer, Alter, etc.). Unzuverlssige Lsungsfindung, vor allem bei selten auftretenden Problemen. Bei falscher Lsung potentiell unflexibel, i.e. gibt die gleiche Antwort in unterschiedlichen Formulierungen und arbeitet nicht auf eine Lsung hin.","deutsch","early adopter","experienced","experienced-early adopter",3,43,1,3,3,52,1,1,0,1,0,0,55,1,61.4285714285714,57.7777777777778,50,50,50,50,52.3809523809524
"50","4.24.24 14:51:41","4.24.24 15:06:02","anonymous",NA,"Deutsch",NA,"Hochschule (Magister) / Master","21 - 29"," 4"," 6",FALSE,TRUE," 7"," 4"," 0"," 3"," 6",10,2," 7","10","8",2,6,"Wenn ich mit einem menschlichen Mitarbeiter kommuniziere und dieser mit einem virtuellen Assistenten in Kontakt steht.;Wenn ich direkt mit einem virtuellen Assistenten kommuniziere.;Wenn ich mit einem Menschen kommuniziere und der virtuelle Assistent mitliet oder mithrt, um dem menschlichen Mitarbeiter in Echtzeit Tipps zu geben.;",5,"10",5,"5"," 5"," 9"," 6","6"," 0",5,4,8,10,7,6," 7"," 8","10","6",5,4,0,"","deutsch","majority","rather experienced","rather experienced-majority",4,33,0,5,1,43,0,1,0,1,0,4,59,1,47.1428571428571,47.7777777777778,50,50,50,50,56.1904761904762
"51","4.24.24 17:47:47","4.24.24 17:53:27","anonymous",NA,"Deutsch",NA,"Hochschule (Magister) / Master","21 - 29"," 2"," 2",FALSE,TRUE," 2"," 2"," 3"," 6"," 5",10,10," 5"," 8","6",4,9,"Wenn ich mit einem menschlichen Mitarbeiter kommuniziere und dieser mit einem virtuellen Assistenten in Kontakt steht.;Wenn ich direkt mit einem virtuellen Assistenten kommuniziere.;Wenn ich mit einem Menschen kommuniziere und der virtuelle Assistent mitliet oder mithrt, um dem menschlichen Mitarbeiter in Echtzeit Tipps zu geben.;",10," 6",10,"3"," 6"," 7"," 3","3"," 3",4,4,8,9,6,7," 9"," 6"," 7","8",4,4,0,"","deutsch","laggard","unexperienced","unexperienced-laggard",7,40,1,7,3,53,1,1,1,1,1,7,63,1,57.1428571428571,58.8888888888889,100,100,100,100,60
"52","4.24.24 18:19:42","4.24.24 18:28:24","anonymous",NA,"Deutsch",NA,"Hochschule (Magister) / Master","30 - 39"," 9"," 9",TRUE,TRUE," 9"," 9"," 4"," 5"," 5",10,2," 1"," 5","2",8,8,"Wenn ich direkt mit einem virtuellen Assistenten kommuniziere.;",5," 6",5,"5"," 7"," 9"," 9","4"," 2",5,3,7,9,8,8," 7"," 7"," 7","7",3,3,1,"","deutsch","early adopter","experienced","experienced-early adopter",6,45,1,5,1,47,1,1,0,1,0,1,54,1,64.2857142857143,52.2222222222222,50,50,50,50,51.4285714285714
"53","4.24.24 22:38:57","4.24.24 22:46:54","anonymous",NA,"Deutsch",NA,"Hochschule (Promotion) ","21 - 29"," 5"," 6",FALSE,FALSE," 0"," 0"," 8"," 8"," 5",0,2," 6"," 2","8",3,9,"Wenn ich direkt mit einem virtuellen Assistenten kommuniziere.;",0," 4",0,"0"," 1"," 5"," 5","7"," 0",1,2,5,5,5,10," 1"," 8","10","9",1,8,5,"","deutsch","majority","rather experienced","rather experienced-majority",3,28,0,10,5,47,1,0,0,0,0,5,56,1,40,52.2222222222222,0,0,0,0,53.3333333333333
"54","4.25.24 14:35:58","4.25.24 14:49:29","anonymous",NA,"Deutsch",NA,"Hochschule (Promotion) ","21 - 29"," 6"," 3",FALSE,TRUE," 6"," 0"," 0","10"," 1",10,2," 0"," 6","8",2,8,"Wenn ich direkt mit einem virtuellen Assistenten kommuniziere.;Wenn ich mit einem menschlichen Mitarbeiter kommuniziere und dieser mit einem virtuellen Assistenten in Kontakt steht.;Wenn ich mit einem Menschen kommuniziere und der virtuelle Assistent mitliet oder mithrt, um dem menschlichen Mitarbeiter in Echtzeit Tipps zu geben.;",10," 5",10,"3"," 9","10"," 7","1"," 0",0,2,5,10,9,4," 5"," 9"," 2","7",5,1,2,"Ich habe die Befrchtung, dass die KI ein komplexes Problem nicht versteht, wenn ich es in einem Chat beschreiben muss, insbesondere wenn es um Fachwrter geht. ","deutsch","majority","rather experienced","rather experienced-majority",9,49,1,7,0,42,0,1,1,1,1,3,39,0,70,46.6666666666667,100,100,100,100,37.1428571428571
"55","4.26.24 9:29:49","4.26.24 9:46:29","anonymous",NA,"Deutsch",NA,"Hochschule (Diplom) / Bachelor","60 oder lter"," 9"," 8",TRUE,FALSE," 8"," 0","10"," 9"," 8",5,5," 1"," 8","2",3,9,"Wenn ich mit einem menschlichen Mitarbeiter kommuniziere und dieser mit einem virtuellen Assistenten in Kontakt steht.;Wenn ich mit einem Menschen kommuniziere und der virtuelle Assistent mitliet oder mithrt, um dem menschlichen Mitarbeiter in Echtzeit Tipps zu geben.;",5," 9",10,"9"," 9","10"," 1","0"," 1",1,4,2,7,10,10," 3"," 9"," 9","8",2,2,1,"keine, es muss Sinn machen und bessere Ergebnisse liefern, es darf kein Hinhalten sein oder Frust beim Kunden hervorrufen....","deutsch","early adopter","experienced","experienced-early adopter",10,51,1,1,0,48,1,1,1,1,0,9,53,1,72.8571428571428,53.3333333333333,100,100,50,50,50.4761904761905
"56","4.26.24 10:57:33","4.26.24 12:16:26","anonymous",NA,"English (United Kingdom)?",NA,"Gymnasium (Abitur) ","30 - 39"," 3"," 7",TRUE,TRUE," 9"," 6"," 7"," 5"," 6",5,5," 2"," 8","2",8,8,"Wenn ich direkt mit einem virtuellen Assistenten kommuniziere.;Wenn ich mit einem Menschen kommuniziere und der virtuelle Assistent mitliet oder mithrt, um dem menschlichen Mitarbeiter in Echtzeit Tipps zu geben.;",10," 2",10,"5","10","10"," 5","5"," 2",5,3,4,10,10,2," 8","10"," 6","4",8,5,0,"A big concern is that the virtual assistants are insufficient in solving complex (or rare) problems and at the same time replace human experts that have the expertise to actually solve those problems.","englisch","early adopter","rather experienced","others",5,46,1,5,0,40,0,1,1,1,1,5,55,1,65.7142857142857,44.4444444444444,100,100,100,100,52.3809523809524
