ID;Startzeit;Fertigstellungszeit;E-Mail;Name;Language;Zeitpunkt der letzten �nderung;"Was ist Ihr h�chster Bildungsabschluss?";Welcher Alterskategorie geh�ren Sie an?;Ich nutze innerhalb meines Bekanntenkreis oft als erste Person neue technische oder digitale Produkte.;Ich informiere mich regelm��ig �ber neueste Entwicklungen im Software- und Hardwarebereich.;Ich bin in einem IT-Berufsfeld t�tig.;Ich habe bereits Large Language Models eingesetzt, wie z.B. Chat GPT.;Ich habe ein generelles Wissen �ber die Funktionsweise von KI-Modellen.;Ich kenne mich insbesondere mit der Funktionsweise von Generative AI aus.;Ich glaube nicht, dass bei dem Gespr�ch �ber mein Problem mit der Internetgeschwindigkeit private Daten von mir freigegeben werden.;Mir ist am wichtigsten, dass das Problem m�glichst schnell behoben wird, wichtiger als der Schutz meiner Privatsph�re.;"Eine strenge Anmeldekontrolle beim IT Support zum Schutz meiner Privatsph�re w�rde mich st�ren.";"Im Folgenden werden Ihnen verschiedene virtuelle Assistenten vorgestellt, bitte w�hen Sie welcher Ihnen am meisten zusagt:";"Der virtuelle Assistent zeichnet Ihr Gespr�ch auf, um Ihre Aussagen verarbeiten und beantworten zu k�nnen. Doch zu welchem Zeitpunkt soll er diese Aufzeichnungen wieder ""vergessen""?";Ich sehe meine Privatsph�re nur dann gef�hrdet, wenn ein Mensch meine aufgezeichneten Daten mitliest.;Das ist mir bekannt.;Ich habe wenig Bedenken dar�ber, wenn die Daten in einem Archiv lediglich gelagert werden.;Ich habe wenig Bedenken dar�ber, dass die Daten in ein Archiv gelangen, das von einer KI ausgelesen wird.;Wir nehmen an, das Unternehmen speichert ihre Gespr�chsverl�ufe. Ordnen Sie im Folgenden wie und wo die Daten gespeichert werden sollen:;In welchen Situationen wollen Sie vor dem Gespr�ch dar�ber informiert werden, dass ein virtueller Assistent bei der Beratung (per Telefon oder Chat) eingesetzt wird? (Mehrfachauswahl m�glich);In welcher Regelm��igkeit m�chten sie �ber den Einsatz von Virtuellen Assistenten im IT-Support informiert werden?;Generell bin ich bereit, meine Daten f�r Trainingszwecke zur Verf�gung zu stellen.;In welcher Regelm��igkeit m�chten sie �ber das Sammeln von Trainingsdaten informiert werden?;Ich m�chte nicht, dass die Archivdaten, falls meine Daten darin vorhanden sind, an eine KI f�r Trainingszwecke weitergegeben werden.;Generell halte ich es aber f�r sinnvoll wenn das Unternehmen ein Archiv mit abgeschlossenen F�llen verwendet.;Das Telekommunikationsunternehmen erschafft den virtuellen Assistenten basierend auf dem eigenen Datensatz und mit eigenen Entwicklerteams.;Das Telekommunikationsunternehmen kauft einen etablierten KI-Assistenten von einem Spezialisten-Unternehmen (z.B. ChatGPT von OpenAI) ein. Es ist nicht nachvollziehbar, wie und basierend auf welch...;Das Telekommunikationsunternehmen lagert die vollst�ndige Entwicklung aus. Es ist davon auszugehen, dass der Drittanbieter auch auf bestehende Modelle zur�ckgreift. Das Telekommunikationsunternehm...;Ich m�chte nicht, dass ein virtueller Assistent dar�ber urteilt, an welchen Mitarbeiter mein Problem weitergeleitet wird.;Ich denke f�r meine Zwecke sind die Ergebnisse des virtuellen Assistenten v�llig ausreichend.;Ich vertraue den Ergebnissen eines virtuellen Assistenten.;Ich vertraue den Ergebnissen eines virtuellen Assistenten mehr als denen eines Menschen.;Wenn der virtuelle Assistent zu seinem L�sungsvorschlag zus�tzlich eine Begr�ndung oder Argumentation ausgibt, vertraue ich seinem Ergebnis eher.;Wenn die Firma transparent darstellt, auf welcher Datengrundlage der virtuelle Assistent trainiert wurde vertraue ich dem virtuellen Assistenten mehr.;Einen Techniker, der sich vor Ort um mein Problem k�mmert, halte ich f�r unprofessionell wenn ich merke, dass er auf seinem Smartphone einen virtuellen Assistenten einsetzt.;Ich kommuniziere ausschlie�lich mit einem menschlichen Mitarbeiter.;Ich telefoniere mit einem menschlichen Mitarbeiter. Dieser nutzt den Assistenten optional, indem er mit diesem per Chat kommuniziert.;Ich telefoniere mit einem Menschen, der virtuelle Assistent h�rt das Gespr�ch mit und schl�gt dem Mitarbeiter mehrere Ergebnisse vor. Der Mitarbeiter w�hlt das am besten Passende nach Gef�hl/Erfah...;Ich telefoniere mit einem virtuellen Assistenten, dieser erarbeitet die L�sung weitgehend selbstst�ndig, ein Mensch wird lediglich zur abschlie�enden Kontrolle des L�sungsvorschlags eingesetzt.;Ich telefoniere direkt mit einem virtuellen Assistenten und er gibt mir selbstst�ndig L�sungsvorschl�ge.;Ich chatte direkt mit einem virtuellen Assistenten und dieser gibt mir selbstst�ndig L�sungsvorschl�ge.;In diesen Aufgaben vertraue ich virtuellen Assistenten�(Mehrfache Auswahl m�glich);Ich habe au�erdem folgende Bedenken bei Virtuellen Assistenten im IT-Support;In dieser Sprache habe ich den Umfragebogen bearbeitet:
14;4.22.24 18:09:45;4.22.24 18:20:31;anonymous;;Deutsch;;Hochschule (Magister) / Master;60 oder �lter;2;3;Trifft nicht zu;Trifft zu;3;1;2;0;0;Der virtuelle Assistent  sammelt Ticket-Daten aber anonymisiert dabei alles, was sich auf den einzelnen Nutzer zur�ckf�hren l�sst. Diese Daten werden miteinbezogen, um den virtuellen Assistent zu trainieren und zu verbessern.;Der virtuelle Assistent merkt sich das ganze Gespr�ch f�r denselben Tag, f�r den Fall, dass Sie R�ckfragen haben, oder etwas nachschauen m�ssen, wodurch Sie das Gespr�ch unterbrechen m�ssen. Nach 24 Stunden wird das Gespr�ch gel�scht.;2;8;9;2;"Das Unternehmen betreibt alles im eigenen Haus und hat eigens daf�r abgestellte Experten.;Das Unternehmen verwendet Server eines gro�en Technologiekonzerns, etwa Google, Microsoft oder Amazon.;Das Unternehmen lagert die Daten im eigenen Haus, die Wartung wird aber durch Dritte durchgef�hrt.;Das Unternehmen verwendet Server von unbekannten Drittanbietern. Es ist davon auszugehen, dass diese sich an die �bergeordneten Sicherheitsstandards ihres Klienten halten. Es ist auch davon auszugehen, dass andere Unternehmen ebenfalls die Server dieses Drittanbieters nutzen.;";"Wenn ich direkt mit einem virtuellen Assistenten kommuniziere.;";Ich m�chte vor jedem Gespr�ch dar�ber informiert werden.;3;Ich m�chte vor jedem Gespr�ch dar�ber informiert werden.;8;8;8;3;0;10;1;5;1;9;8;1;3;8;9;8;5;5;"Zusammenfassen von Nutzeranfragen;Beratende Unterst�tzung f�r menschliche Mitarbeiter;Sammeln fehlender Nutzerinformationen: Sie werden durch einen virtuellen Assistenten per Chat oder Telefon benachrichtigt, falls Nutzerdaten zur L�sung des Problems fehlen.;";Ungenaue Fragestellung f�hrt zu langem hin und her oder Antworten,  die nicht auf mein Problem bezogen sind;deutsch
15;4.22.24 19:13:57;4.22.24 19:23:23;anonymous;;Deutsch;;Hochschule (Diplom) / Bachelor;21 - 29;4;7;Trifft nicht zu;Trifft zu;6;4;7;6;3;Die Daten �ber mich und mein Problem werden unter einem Pseudonym gespeichert, sodass sie nicht von Au�enstehenden gelesen werden k�nnen. Dadurch kann die KI sich an Ihre pers�nlichen Bed�rfnisse anpassen, kann aber auch ihre Leistung gegen�ber anderen Kunden mit �hnlichen Problemen verbessern.;Der virtuelle Assistent zeichnet das gesamte Gespr�ch auf und hat sich auch Ihre vergangenen Gespr�che gemerkt (pseudonymisiert und verschl�sselt). M�glicherweise h�ngt Ihr aktuelles Problem mit einem vergangenen Problem zusammen.;7;2;7;6;"Das Unternehmen betreibt alles im eigenen Haus und hat eigens daf�r abgestellte Experten.;Das Unternehmen verwendet Server von unbekannten Drittanbietern. Es ist davon auszugehen, dass diese sich an die �bergeordneten Sicherheitsstandards ihres Klienten halten. Es ist auch davon auszugehen, dass andere Unternehmen ebenfalls die Server dieses Drittanbieters nutzen.;Das Unternehmen verwendet Server eines gro�en Technologiekonzerns, etwa Google, Microsoft oder Amazon.;Das Unternehmen lagert die Daten im eigenen Haus, die Wartung wird aber durch Dritte durchgef�hrt.;";"Wenn ich mit einem menschlichen Mitarbeiter kommuniziere und dieser mit einem virtuellen Assistenten in Kontakt steht.;Wenn ich direkt mit einem virtuellen Assistenten kommuniziere.;Wenn ich mit einem Menschen kommuniziere und der virtuelle Assistent mitlie�t oder mith�rt, um dem menschlichen Mitarbeiter in Echtzeit Tipps zu geben.;";Bei meiner ersten Kontaktaufnahme und dann erst wieder bei der n�chsten �nderung der Datenschutzrichtlinien.;6;Bei meiner ersten Kontaktaufnahme und dann erst wieder bei der n�chsten �nderung der Datenschutzrichtlinien.;7;6;8;6;3;3;7;7;6;8;7;3;3;6;6;7;8;8;"Zusammenfassen von Nutzeranfragen;Ordnen verschiedener Nutzeranfragen nach Dringlichkeit;Einsatz in der Aufnahmestelle und Weiterleiten an einen geeigneten Experten;Heraussuchen von L�sungsans�tzen aus der Datenbank;Beratende Unterst�tzung f�r menschliche Mitarbeiter;Sammeln fehlender Nutzerinformationen: Sie werden durch einen virtuellen Assistenten per Chat oder Telefon benachrichtigt, falls Nutzerdaten zur L�sung des Problems fehlen.;";Noch am ehesten, dass meine Daten in falsche H�nde geraten, sonst hab ich keine Bedenken ;deutsch
16;4.22.24 19:16:42;4.22.24 19:27:48;anonymous;;Deutsch;;Hochschule (Magister) / Master;30 - 39;7;9;Trifft nicht zu;Trifft zu;7;3;6;8;7;Die Daten �ber mich und mein Problem werden unter einem Pseudonym gespeichert, sodass sie nicht von Au�enstehenden gelesen werden k�nnen. Dadurch kann die KI sich an Ihre pers�nlichen Bed�rfnisse anpassen, kann aber auch ihre Leistung gegen�ber anderen Kunden mit �hnlichen Problemen verbessern.;Der virtuelle Assistent zeichnet das gesamte Gespr�ch auf und hat sich auch Ihre vergangenen Gespr�che gemerkt (pseudonymisiert und verschl�sselt). M�glicherweise h�ngt Ihr aktuelles Problem mit einem vergangenen Problem zusammen.;0;2;7;7;"Das Unternehmen betreibt alles im eigenen Haus und hat eigens daf�r abgestellte Experten.;Das Unternehmen lagert die Daten im eigenen Haus, die Wartung wird aber durch Dritte durchgef�hrt.;Das Unternehmen verwendet Server eines gro�en Technologiekonzerns, etwa Google, Microsoft oder Amazon.;Das Unternehmen verwendet Server von unbekannten Drittanbietern. Es ist davon auszugehen, dass diese sich an die �bergeordneten Sicherheitsstandards ihres Klienten halten. Es ist auch davon auszugehen, dass andere Unternehmen ebenfalls die Server dieses Drittanbieters nutzen.;";"Wenn ich direkt mit einem virtuellen Assistenten kommuniziere.;Wenn ich mit einem Menschen kommuniziere und der virtuelle Assistent mitlie�t oder mith�rt, um dem menschlichen Mitarbeiter in Echtzeit Tipps zu geben.;";Ich m�chte vor jedem Gespr�ch dar�ber informiert werden.;10;Ich m�chte vor jedem Gespr�ch dar�ber informiert werden.;0;8;3;6;5;0;5;7;3;10;8;0;8;8;8;8;2;6;"Einsatz in der Aufnahmestelle und Weiterleiten an einen geeigneten Experten;Heraussuchen von L�sungsans�tzen aus der Datenbank;Beratende Unterst�tzung f�r menschliche Mitarbeiter;Sammeln fehlender Nutzerinformationen: Sie werden durch einen virtuellen Assistenten per Chat oder Telefon benachrichtigt, falls Nutzerdaten zur L�sung des Problems fehlen.;";;deutsch
17;4.22.24 19:27:47;4.22.24 19:36:12;anonymous;;Deutsch;;Hochschule (Diplom) / Bachelor;21 - 29;8;8;Trifft nicht zu;Trifft zu;7;4;1;8;5;Die Daten �ber mich und mein Problem werden unter einem Pseudonym gespeichert, sodass sie nicht von Au�enstehenden gelesen werden k�nnen. Dadurch kann die KI sich an Ihre pers�nlichen Bed�rfnisse anpassen, kann aber auch ihre Leistung gegen�ber anderen Kunden mit �hnlichen Problemen verbessern.;Der virtuelle Assistent zeichnet das gesamte Gespr�ch auf und hat sich auch Ihre vergangenen Gespr�che gemerkt (pseudonymisiert und verschl�sselt). M�glicherweise h�ngt Ihr aktuelles Problem mit einem vergangenen Problem zusammen.;4;7;7;8;"Das Unternehmen betreibt alles im eigenen Haus und hat eigens daf�r abgestellte Experten.;Das Unternehmen lagert die Daten im eigenen Haus, die Wartung wird aber durch Dritte durchgef�hrt.;Das Unternehmen verwendet Server von unbekannten Drittanbietern. Es ist davon auszugehen, dass diese sich an die �bergeordneten Sicherheitsstandards ihres Klienten halten. Es ist auch davon auszugehen, dass andere Unternehmen ebenfalls die Server dieses Drittanbieters nutzen.;Das Unternehmen verwendet Server eines gro�en Technologiekonzerns, etwa Google, Microsoft oder Amazon.;";"Wenn ich mit einem menschlichen Mitarbeiter kommuniziere und dieser mit einem virtuellen Assistenten in Kontakt steht.;Wenn ich direkt mit einem virtuellen Assistenten kommuniziere.;Wenn ich mit einem Menschen kommuniziere und der virtuelle Assistent mitlie�t oder mith�rt, um dem menschlichen Mitarbeiter in Echtzeit Tipps zu geben.;";Bei meiner ersten Kontaktaufnahme und dann erst wieder bei der n�chsten �nderung der Datenschutzrichtlinien.;6;Bei meiner ersten Kontaktaufnahme und dann erst wieder bei der n�chsten �nderung der Datenschutzrichtlinien.;3;8;9;7;5;2;5;4;1;8;7;7;10;9;7;6;5;5;"Zusammenfassen von Nutzeranfragen;Einsatz in der Aufnahmestelle und Weiterleiten an einen geeigneten Experten;Heraussuchen von L�sungsans�tzen aus der Datenbank;Sammeln fehlender Nutzerinformationen: Sie werden durch einen virtuellen Assistenten per Chat oder Telefon benachrichtigt, falls Nutzerdaten zur L�sung des Problems fehlen.;";;deutsch
18;4.22.24 19:39:14;4.22.24 19:46:29;anonymous;;Deutsch;;Gymnasium (Abitur) ;21 - 29;9;8;Trifft nicht zu;Trifft zu;6;5;4;2;1;Der virtuelle Assistent  sammelt Ticket-Daten aber anonymisiert dabei alles, was sich auf den einzelnen Nutzer zur�ckf�hren l�sst. Diese Daten werden miteinbezogen, um den virtuellen Assistent zu trainieren und zu verbessern.;Der virtuelle Assistent merkt sich das ganze Gespr�ch f�r denselben Tag, f�r den Fall, dass Sie R�ckfragen haben, oder etwas nachschauen m�ssen, wodurch Sie das Gespr�ch unterbrechen m�ssen. Nach 24 Stunden wird das Gespr�ch gel�scht.;2;8;4;5;"Das Unternehmen betreibt alles im eigenen Haus und hat eigens daf�r abgestellte Experten.;Das Unternehmen lagert die Daten im eigenen Haus, die Wartung wird aber durch Dritte durchgef�hrt.;Das Unternehmen verwendet Server von unbekannten Drittanbietern. Es ist davon auszugehen, dass diese sich an die �bergeordneten Sicherheitsstandards ihres Klienten halten. Es ist auch davon auszugehen, dass andere Unternehmen ebenfalls die Server dieses Drittanbieters nutzen.;Das Unternehmen verwendet Server eines gro�en Technologiekonzerns, etwa Google, Microsoft oder Amazon.;";"Wenn ich direkt mit einem virtuellen Assistenten kommuniziere.;Wenn ich mit einem Menschen kommuniziere und der virtuelle Assistent mitlie�t oder mith�rt, um dem menschlichen Mitarbeiter in Echtzeit Tipps zu geben.;";Ich m�chte vor jedem Gespr�ch dar�ber informiert werden.;5;Ich m�chte vor jedem Gespr�ch dar�ber informiert werden.;6;8;8;7;0;1;5;5;3;9;8;4;0;6;4;4;3;8;"Zusammenfassen von Nutzeranfragen;Ordnen verschiedener Nutzeranfragen nach Dringlichkeit;Heraussuchen von L�sungsans�tzen aus der Datenbank;Einsatz in der Aufnahmestelle und Weiterleiten an einen geeigneten Experten;Beratende Unterst�tzung f�r menschliche Mitarbeiter;Sammeln fehlender Nutzerinformationen: Sie werden durch einen virtuellen Assistenten per Chat oder Telefon benachrichtigt, falls Nutzerdaten zur L�sung des Problems fehlen.;";;deutsch
19;4.22.24 19:41:26;4.22.24 19:56:49;anonymous;;Deutsch;;Hochschule (Magister) / Master;21 - 29;7;7;Trifft nicht zu;Trifft zu;6;0;0;6;4;Die Daten �ber mich und mein Problem werden unter einem Pseudonym gespeichert, sodass sie nicht von Au�enstehenden gelesen werden k�nnen. Dadurch kann die KI sich an Ihre pers�nlichen Bed�rfnisse anpassen, kann aber auch ihre Leistung gegen�ber anderen Kunden mit �hnlichen Problemen verbessern.;Der virtuelle Assistent merkt sich das ganze Gespr�ch f�r denselben Tag, f�r den Fall, dass Sie R�ckfragen haben, oder etwas nachschauen m�ssen, wodurch Sie das Gespr�ch unterbrechen m�ssen. Nach 24 Stunden wird das Gespr�ch gel�scht.;0;7;3;6;"Das Unternehmen betreibt alles im eigenen Haus und hat eigens daf�r abgestellte Experten.;Das Unternehmen verwendet Server von unbekannten Drittanbietern. Es ist davon auszugehen, dass diese sich an die �bergeordneten Sicherheitsstandards ihres Klienten halten. Es ist auch davon auszugehen, dass andere Unternehmen ebenfalls die Server dieses Drittanbieters nutzen.;Das Unternehmen lagert die Daten im eigenen Haus, die Wartung wird aber durch Dritte durchgef�hrt.;Das Unternehmen verwendet Server eines gro�en Technologiekonzerns, etwa Google, Microsoft oder Amazon.;";"Wenn ich direkt mit einem virtuellen Assistenten kommuniziere.;";Bei meiner ersten Kontaktaufnahme und dann erst wieder bei der n�chsten �nderung der Datenschutzrichtlinien.;6;Bei meiner ersten Kontaktaufnahme und dann erst wieder bei der n�chsten �nderung der Datenschutzrichtlinien.;3;10;4;7;3;3;3;7;1;8;10;7;8;8;9;8;8;7;"Zusammenfassen von Nutzeranfragen;Einsatz in der Aufnahmestelle und Weiterleiten an einen geeigneten Experten;Heraussuchen von L�sungsans�tzen aus der Datenbank;Beratende Unterst�tzung f�r menschliche Mitarbeiter;Sammeln fehlender Nutzerinformationen: Sie werden durch einen virtuellen Assistenten per Chat oder Telefon benachrichtigt, falls Nutzerdaten zur L�sung des Problems fehlen.;";Kein ausgereiftes Modell, was zu Verz�gerungen f�hrt. Bisher habe ich im Supportbereich nur sehr eingeschr�nkt performante virtuelle Assistenten erlebt, die eher dem Abwimmeln dienen;deutsch
20;4.22.24 19:42:01;4.22.24 19:57:57;anonymous;;Deutsch;;Hochschule (Diplom) / Bachelor;21 - 29;7;4;Trifft nicht zu;Trifft zu;2;2;6;8;6;Der virtuelle Assistent  sammelt Ticket-Daten aber anonymisiert dabei alles, was sich auf den einzelnen Nutzer zur�ckf�hren l�sst. Diese Daten werden miteinbezogen, um den virtuellen Assistent zu trainieren und zu verbessern.;Der virtuelle Assistent zeichnet das gesamte Gespr�ch auf und hat sich auch Ihre vergangenen Gespr�che gemerkt (pseudonymisiert und verschl�sselt). M�glicherweise h�ngt Ihr aktuelles Problem mit einem vergangenen Problem zusammen.;2;0;7;7;"Das Unternehmen betreibt alles im eigenen Haus und hat eigens daf�r abgestellte Experten.;Das Unternehmen lagert die Daten im eigenen Haus, die Wartung wird aber durch Dritte durchgef�hrt.;Das Unternehmen verwendet Server eines gro�en Technologiekonzerns, etwa Google, Microsoft oder Amazon.;Das Unternehmen verwendet Server von unbekannten Drittanbietern. Es ist davon auszugehen, dass diese sich an die �bergeordneten Sicherheitsstandards ihres Klienten halten. Es ist auch davon auszugehen, dass andere Unternehmen ebenfalls die Server dieses Drittanbieters nutzen.;";"Wenn ich mit einem Menschen kommuniziere und der virtuelle Assistent mitlie�t oder mith�rt, um dem menschlichen Mitarbeiter in Echtzeit Tipps zu geben.;Wenn ich mit einem menschlichen Mitarbeiter kommuniziere und dieser mit einem virtuellen Assistenten in Kontakt steht.;";Bei meiner ersten Kontaktaufnahme und dann erst wieder bei der n�chsten �nderung der Datenschutzrichtlinien.;8;Gar nicht, reicht mir aus mir selbstst�ndig auf der Unternehmens-Webseite die Datenschutzbestimmungen durchzulesen.;2;7;7;3;5;1;7;7;3;8;8;5;3;5;7;8;3;7;"Einsatz in der Aufnahmestelle und Weiterleiten an einen geeigneten Experten;Heraussuchen von L�sungsans�tzen aus der Datenbank;Beratende Unterst�tzung f�r menschliche Mitarbeiter;Sammeln fehlender Nutzerinformationen: Sie werden durch einen virtuellen Assistenten per Chat oder Telefon benachrichtigt, falls Nutzerdaten zur L�sung des Problems fehlen.;";Keine. ;deutsch
21;4.22.24 19:47:53;4.22.24 19:59:32;anonymous;;Deutsch;;Hochschule (Diplom) / Bachelor;21 - 29;8;10;Trifft nicht zu;Trifft zu;9;7;2;4;2;Der virtuelle Assistent  sammelt Ticket-Daten aber anonymisiert dabei alles, was sich auf den einzelnen Nutzer zur�ckf�hren l�sst. Diese Daten werden miteinbezogen, um den virtuellen Assistent zu trainieren und zu verbessern.;Der virtuelle Assistent merkt sich das ganze Gespr�ch f�r denselben Tag, f�r den Fall, dass Sie R�ckfragen haben, oder etwas nachschauen m�ssen, wodurch Sie das Gespr�ch unterbrechen m�ssen. Nach 24 Stunden wird das Gespr�ch gel�scht.;0;3;7;2;"Das Unternehmen betreibt alles im eigenen Haus und hat eigens daf�r abgestellte Experten.;Das Unternehmen lagert die Daten im eigenen Haus, die Wartung wird aber durch Dritte durchgef�hrt.;Das Unternehmen verwendet Server eines gro�en Technologiekonzerns, etwa Google, Microsoft oder Amazon.;Das Unternehmen verwendet Server von unbekannten Drittanbietern. Es ist davon auszugehen, dass diese sich an die �bergeordneten Sicherheitsstandards ihres Klienten halten. Es ist auch davon auszugehen, dass andere Unternehmen ebenfalls die Server dieses Drittanbieters nutzen.;";"Wenn ich mit einem Menschen kommuniziere und der virtuelle Assistent mitlie�t oder mith�rt, um dem menschlichen Mitarbeiter in Echtzeit Tipps zu geben.;Wenn ich direkt mit einem virtuellen Assistenten kommuniziere.;";Ich m�chte vor jedem Gespr�ch dar�ber informiert werden.;8;Ich m�chte vor jedem Gespr�ch dar�ber informiert werden.;8;10;10;9;7;3;3;2;2;6;5;0;8;10;9;7;6;8;"Zusammenfassen von Nutzeranfragen;Einsatz in der Aufnahmestelle und Weiterleiten an einen geeigneten Experten;Beratende Unterst�tzung f�r menschliche Mitarbeiter;";;deutsch
22;4.22.24 19:51:21;4.22.24 20:04:43;anonymous;;Deutsch;;Hochschule (Magister) / Master;21 - 29;6;6;Trifft nicht zu;Trifft zu;7;5;6;0;0;Der virtuelle Assistent  sammelt Ticket-Daten aber anonymisiert dabei alles, was sich auf den einzelnen Nutzer zur�ckf�hren l�sst. Diese Daten werden miteinbezogen, um den virtuellen Assistent zu trainieren und zu verbessern.;Der virtuelle Assistent merkt sich das ganze Gespr�ch f�r denselben Tag, f�r den Fall, dass Sie R�ckfragen haben, oder etwas nachschauen m�ssen, wodurch Sie das Gespr�ch unterbrechen m�ssen. Nach 24 Stunden wird das Gespr�ch gel�scht.;0;8;7;7;"Das Unternehmen verwendet Server eines gro�en Technologiekonzerns, etwa Google, Microsoft oder Amazon.;Das Unternehmen verwendet Server von unbekannten Drittanbietern. Es ist davon auszugehen, dass diese sich an die �bergeordneten Sicherheitsstandards ihres Klienten halten. Es ist auch davon auszugehen, dass andere Unternehmen ebenfalls die Server dieses Drittanbieters nutzen.;Das Unternehmen betreibt alles im eigenen Haus und hat eigens daf�r abgestellte Experten.;Das Unternehmen lagert die Daten im eigenen Haus, die Wartung wird aber durch Dritte durchgef�hrt.;";"Wenn ich direkt mit einem virtuellen Assistenten kommuniziere.;Wenn ich mit einem menschlichen Mitarbeiter kommuniziere und dieser mit einem virtuellen Assistenten in Kontakt steht.;Wenn ich mit einem Menschen kommuniziere und der virtuelle Assistent mitlie�t oder mith�rt, um dem menschlichen Mitarbeiter in Echtzeit Tipps zu geben.;";Ich m�chte vor jedem Gespr�ch dar�ber informiert werden.;5;Ich m�chte vor jedem Gespr�ch dar�ber informiert werden.;5;10;8;5;5;5;6;7;2;10;2;3;3;7;8;8;7;7;"Zusammenfassen von Nutzeranfragen;Beratende Unterst�tzung f�r menschliche Mitarbeiter;Sammeln fehlender Nutzerinformationen: Sie werden durch einen virtuellen Assistenten per Chat oder Telefon benachrichtigt, falls Nutzerdaten zur L�sung des Problems fehlen.;Einsatz in der Aufnahmestelle und Weiterleiten an einen geeigneten Experten;";;deutsch
23;4.22.24 20:19:42;4.22.24 20:31:48;anonymous;;English (United Kingdom)?;;Hochschule (Diplom) / Bachelor;21 - 29;7;9;Trifft zu;Trifft zu;9;9;7;2;2;Der virtuelle Assistent sammelt gar keine Daten. Dadurch kann er sich aber leistungstechnisch nicht verbessern. Seine Antworten sind zeitlich auf dem Stand seines letzten Updates.;Der virtuelle Assistent zeichnet das gesamte Gespr�ch auf und kann dadurch auch auf den Anfang des Gespr�chs Bezug nehmen. Dadurch kann er auf komplexere Probleme eingehen, die m�glicherweise ein �hin-und-her� erfordern. Der virtuelle Assistent l�scht die Daten nach dem Gespr�chsende direkt wieder.;2;7;7;7;"Das Unternehmen verwendet Server eines gro�en Technologiekonzerns, etwa Google, Microsoft oder Amazon.;Das Unternehmen betreibt alles im eigenen Haus und hat eigens daf�r abgestellte Experten.;Das Unternehmen lagert die Daten im eigenen Haus, die Wartung wird aber durch Dritte durchgef�hrt.;Das Unternehmen verwendet Server von unbekannten Drittanbietern. Es ist davon auszugehen, dass diese sich an die �bergeordneten Sicherheitsstandards ihres Klienten halten. Es ist auch davon auszugehen, dass andere Unternehmen ebenfalls die Server dieses Drittanbieters nutzen.;";"Wenn ich mit einem menschlichen Mitarbeiter kommuniziere und dieser mit einem virtuellen Assistenten in Kontakt steht.;";Ich m�chte vor jedem Gespr�ch dar�ber informiert werden.;3;Ich m�chte vor jedem Gespr�ch dar�ber informiert werden.;7;6;6;7;8;6;6;5;3;6;3;5;6;6;6;7;5;5;"Zusammenfassen von Nutzeranfragen;Einsatz in der Aufnahmestelle und Weiterleiten an einen geeigneten Experten;Beratende Unterst�tzung f�r menschliche Mitarbeiter;Sammeln fehlender Nutzerinformationen: Sie werden durch einen virtuellen Assistenten per Chat oder Telefon benachrichtigt, falls Nutzerdaten zur L�sung des Problems fehlen.;";;englisch
24;4.22.24 20:24:15;4.22.24 20:32:56;anonymous;;Deutsch;;Hochschule (Magister) / Master;21 - 29;1;0;Trifft nicht zu;Trifft zu;4;0;0;3;4;Der virtuelle Assistent  sammelt Ticket-Daten aber anonymisiert dabei alles, was sich auf den einzelnen Nutzer zur�ckf�hren l�sst. Diese Daten werden miteinbezogen, um den virtuellen Assistent zu trainieren und zu verbessern.;Der virtuelle Assistent merkt sich das ganze Gespr�ch f�r denselben Tag, f�r den Fall, dass Sie R�ckfragen haben, oder etwas nachschauen m�ssen, wodurch Sie das Gespr�ch unterbrechen m�ssen. Nach 24 Stunden wird das Gespr�ch gel�scht.;0;0;4;1;"Das Unternehmen betreibt alles im eigenen Haus und hat eigens daf�r abgestellte Experten.;Das Unternehmen lagert die Daten im eigenen Haus, die Wartung wird aber durch Dritte durchgef�hrt.;Das Unternehmen verwendet Server von unbekannten Drittanbietern. Es ist davon auszugehen, dass diese sich an die �bergeordneten Sicherheitsstandards ihres Klienten halten. Es ist auch davon auszugehen, dass andere Unternehmen ebenfalls die Server dieses Drittanbieters nutzen.;Das Unternehmen verwendet Server eines gro�en Technologiekonzerns, etwa Google, Microsoft oder Amazon.;";"Wenn ich mit einem menschlichen Mitarbeiter kommuniziere und dieser mit einem virtuellen Assistenten in Kontakt steht.;Wenn ich direkt mit einem virtuellen Assistenten kommuniziere.;Wenn ich mit einem Menschen kommuniziere und der virtuelle Assistent mitlie�t oder mith�rt, um dem menschlichen Mitarbeiter in Echtzeit Tipps zu geben.;";Ich m�chte vor jedem Gespr�ch dar�ber informiert werden.;10;Ich m�chte vor jedem Gespr�ch dar�ber informiert werden.;1;8;6;9;9;2;5;5;4;7;8;5;3;7;5;3;0;0;"Heraussuchen von L�sungsans�tzen aus der Datenbank;Beratende Unterst�tzung f�r menschliche Mitarbeiter;Sammeln fehlender Nutzerinformationen: Sie werden durch einen virtuellen Assistenten per Chat oder Telefon benachrichtigt, falls Nutzerdaten zur L�sung des Problems fehlen.;";;deutsch
25;4.22.24 20:34:29;4.22.24 20:46:30;anonymous;;Deutsch;;Hochschule (Diplom) / Bachelor;30 - 39;8;6;Trifft zu;Trifft zu;5;3;0;6;1;Der virtuelle Assistent  sammelt Ticket-Daten aber anonymisiert dabei alles, was sich auf den einzelnen Nutzer zur�ckf�hren l�sst. Diese Daten werden miteinbezogen, um den virtuellen Assistent zu trainieren und zu verbessern.;Der virtuelle Assistent zeichnet das gesamte Gespr�ch auf und kann dadurch auch auf den Anfang des Gespr�chs Bezug nehmen. Dadurch kann er auf komplexere Probleme eingehen, die m�glicherweise ein �hin-und-her� erfordern. Der virtuelle Assistent l�scht die Daten nach dem Gespr�chsende direkt wieder.;0;10;7;3;"Das Unternehmen lagert die Daten im eigenen Haus, die Wartung wird aber durch Dritte durchgef�hrt.;Das Unternehmen verwendet Server von unbekannten Drittanbietern. Es ist davon auszugehen, dass diese sich an die �bergeordneten Sicherheitsstandards ihres Klienten halten. Es ist auch davon auszugehen, dass andere Unternehmen ebenfalls die Server dieses Drittanbieters nutzen.;Das Unternehmen betreibt alles im eigenen Haus und hat eigens daf�r abgestellte Experten.;Das Unternehmen verwendet Server eines gro�en Technologiekonzerns, etwa Google, Microsoft oder Amazon.;";"Wenn ich direkt mit einem virtuellen Assistenten kommuniziere.;";Ich m�chte vor jedem Gespr�ch dar�ber informiert werden.;5;Ich m�chte vor jedem Gespr�ch dar�ber informiert werden.;9;7;3;6;9;3;9;7;5;8;7;6;2;2;4;3;2;4;"Zusammenfassen von Nutzeranfragen;Einsatz in der Aufnahmestelle und Weiterleiten an einen geeigneten Experten;Heraussuchen von L�sungsans�tzen aus der Datenbank;Beratende Unterst�tzung f�r menschliche Mitarbeiter;Sammeln fehlender Nutzerinformationen: Sie werden durch einen virtuellen Assistenten per Chat oder Telefon benachrichtigt, falls Nutzerdaten zur L�sung des Problems fehlen.;";meine Daten werden gegen mich verwendet z.B. Preispolitik;deutsch
26;4.22.24 20:36:18;4.22.24 20:49:22;anonymous;;Deutsch;;Hochschule (Diplom) / Bachelor;21 - 29;0;0;Trifft nicht zu;Trifft zu;1;0;0;2;0;Der virtuelle Assistent sammelt gar keine Daten. Dadurch kann er sich aber leistungstechnisch nicht verbessern. Seine Antworten sind zeitlich auf dem Stand seines letzten Updates.;Der virtuelle Assistent merkt sich das ganze Gespr�ch f�r denselben Tag, f�r den Fall, dass Sie R�ckfragen haben, oder etwas nachschauen m�ssen, wodurch Sie das Gespr�ch unterbrechen m�ssen. Nach 24 Stunden wird das Gespr�ch gel�scht.;0;4;0;0;"Das Unternehmen betreibt alles im eigenen Haus und hat eigens daf�r abgestellte Experten.;Das Unternehmen lagert die Daten im eigenen Haus, die Wartung wird aber durch Dritte durchgef�hrt.;Das Unternehmen verwendet Server von unbekannten Drittanbietern. Es ist davon auszugehen, dass diese sich an die �bergeordneten Sicherheitsstandards ihres Klienten halten. Es ist auch davon auszugehen, dass andere Unternehmen ebenfalls die Server dieses Drittanbieters nutzen.;Das Unternehmen verwendet Server eines gro�en Technologiekonzerns, etwa Google, Microsoft oder Amazon.;";"Wenn ich mit einem menschlichen Mitarbeiter kommuniziere und dieser mit einem virtuellen Assistenten in Kontakt steht.;Wenn ich direkt mit einem virtuellen Assistenten kommuniziere.;Wenn ich mit einem Menschen kommuniziere und der virtuelle Assistent mitlie�t oder mith�rt, um dem menschlichen Mitarbeiter in Echtzeit Tipps zu geben.;";Ich m�chte vor jedem Gespr�ch dar�ber informiert werden.;0;Ich m�chte vor jedem Gespr�ch dar�ber informiert werden.;8;3;8;2;0;8;2;0;0;10;5;10;10;1;1;6;0;0;"Zusammenfassen von Nutzeranfragen;Ordnen verschiedener Nutzeranfragen nach Dringlichkeit;Heraussuchen von L�sungsans�tzen aus der Datenbank;Beratende Unterst�tzung f�r menschliche Mitarbeiter;Sammeln fehlender Nutzerinformationen: Sie werden durch einen virtuellen Assistenten per Chat oder Telefon benachrichtigt, falls Nutzerdaten zur L�sung des Problems fehlen.;";;deutsch
27;4.22.24 20:43:21;4.22.24 20:50:16;anonymous;;Deutsch;;Hochschule (Diplom) / Bachelor;21 - 29;9;9;Trifft zu;Trifft zu;7;6;1;8;9;Die Daten �ber mich und mein Problem werden unter einem Pseudonym gespeichert, sodass sie nicht von Au�enstehenden gelesen werden k�nnen. Dadurch kann die KI sich an Ihre pers�nlichen Bed�rfnisse anpassen, kann aber auch ihre Leistung gegen�ber anderen Kunden mit �hnlichen Problemen verbessern.;Der virtuelle Assistent zeichnet das gesamte Gespr�ch auf und kann dadurch auch auf den Anfang des Gespr�chs Bezug nehmen. Dadurch kann er auf komplexere Probleme eingehen, die m�glicherweise ein �hin-und-her� erfordern. Der virtuelle Assistent l�scht die Daten nach dem Gespr�chsende direkt wieder.;10;9;6;9;"Das Unternehmen verwendet Server eines gro�en Technologiekonzerns, etwa Google, Microsoft oder Amazon.;Das Unternehmen betreibt alles im eigenen Haus und hat eigens daf�r abgestellte Experten.;Das Unternehmen lagert die Daten im eigenen Haus, die Wartung wird aber durch Dritte durchgef�hrt.;Das Unternehmen verwendet Server von unbekannten Drittanbietern. Es ist davon auszugehen, dass diese sich an die �bergeordneten Sicherheitsstandards ihres Klienten halten. Es ist auch davon auszugehen, dass andere Unternehmen ebenfalls die Server dieses Drittanbieters nutzen.;";"Wenn ich mit einem menschlichen Mitarbeiter kommuniziere und dieser mit einem virtuellen Assistenten in Kontakt steht.;Wenn ich direkt mit einem virtuellen Assistenten kommuniziere.;Wenn ich mit einem Menschen kommuniziere und der virtuelle Assistent mitlie�t oder mith�rt, um dem menschlichen Mitarbeiter in Echtzeit Tipps zu geben.;";Ich m�chte vor jedem Gespr�ch dar�ber informiert werden.;8;Ich m�chte vor jedem Gespr�ch dar�ber informiert werden.;3;9;9;3;3;1;7;10;10;7;7;0;0;4;5;6;8;9;"Zusammenfassen von Nutzeranfragen;Ordnen verschiedener Nutzeranfragen nach Dringlichkeit;Einsatz in der Aufnahmestelle und Weiterleiten an einen geeigneten Experten;Heraussuchen von L�sungsans�tzen aus der Datenbank;Beratende Unterst�tzung f�r menschliche Mitarbeiter;Sammeln fehlender Nutzerinformationen: Sie werden durch einen virtuellen Assistenten per Chat oder Telefon benachrichtigt, falls Nutzerdaten zur L�sung des Problems fehlen.;";;deutsch
28;4.22.24 20:50:04;4.22.24 20:57:26;anonymous;;Deutsch;;Gymnasium (Abitur) ;18 - 20;2;0;Trifft nicht zu;Trifft nicht zu;6;3;3;7;1;Der virtuelle Assistent  sammelt Ticket-Daten aber anonymisiert dabei alles, was sich auf den einzelnen Nutzer zur�ckf�hren l�sst. Diese Daten werden miteinbezogen, um den virtuellen Assistent zu trainieren und zu verbessern.;Der virtuelle Assistent zeichnet das gesamte Gespr�ch auf und kann dadurch auch auf den Anfang des Gespr�chs Bezug nehmen. Dadurch kann er auf komplexere Probleme eingehen, die m�glicherweise ein �hin-und-her� erfordern. Der virtuelle Assistent l�scht die Daten nach dem Gespr�chsende direkt wieder.;2;5;3;2;"Das Unternehmen betreibt alles im eigenen Haus und hat eigens daf�r abgestellte Experten.;Das Unternehmen lagert die Daten im eigenen Haus, die Wartung wird aber durch Dritte durchgef�hrt.;Das Unternehmen verwendet Server eines gro�en Technologiekonzerns, etwa Google, Microsoft oder Amazon.;Das Unternehmen verwendet Server von unbekannten Drittanbietern. Es ist davon auszugehen, dass diese sich an die �bergeordneten Sicherheitsstandards ihres Klienten halten. Es ist auch davon auszugehen, dass andere Unternehmen ebenfalls die Server dieses Drittanbieters nutzen.;";"Wenn ich mit einem menschlichen Mitarbeiter kommuniziere und dieser mit einem virtuellen Assistenten in Kontakt steht.;Wenn ich direkt mit einem virtuellen Assistenten kommuniziere.;Wenn ich mit einem Menschen kommuniziere und der virtuelle Assistent mitlie�t oder mith�rt, um dem menschlichen Mitarbeiter in Echtzeit Tipps zu geben.;";Ich m�chte vor jedem Gespr�ch dar�ber informiert werden.;1;Ich m�chte vor jedem Gespr�ch dar�ber informiert werden.;4;7;8;6;3;3;7;7;3;7;7;6;10;7;4;3;1;1;"Zusammenfassen von Nutzeranfragen;Ordnen verschiedener Nutzeranfragen nach Dringlichkeit;";;deutsch
29;4.22.24 20:50:09;4.22.24 20:58:02;anonymous;;Deutsch;;Hochschule (Magister) / Master;30 - 39;8;6;Trifft nicht zu;Trifft zu;8;8;5;9;8;Der virtuelle Assistent  sammelt Ticket-Daten aber anonymisiert dabei alles, was sich auf den einzelnen Nutzer zur�ckf�hren l�sst. Diese Daten werden miteinbezogen, um den virtuellen Assistent zu trainieren und zu verbessern.;Der virtuelle Assistent zeichnet das gesamte Gespr�ch auf und hat sich auch Ihre vergangenen Gespr�che gemerkt (pseudonymisiert und verschl�sselt). M�glicherweise h�ngt Ihr aktuelles Problem mit einem vergangenen Problem zusammen.;4;7;8;8;"Das Unternehmen verwendet Server eines gro�en Technologiekonzerns, etwa Google, Microsoft oder Amazon.;Das Unternehmen betreibt alles im eigenen Haus und hat eigens daf�r abgestellte Experten.;Das Unternehmen lagert die Daten im eigenen Haus, die Wartung wird aber durch Dritte durchgef�hrt.;Das Unternehmen verwendet Server von unbekannten Drittanbietern. Es ist davon auszugehen, dass diese sich an die �bergeordneten Sicherheitsstandards ihres Klienten halten. Es ist auch davon auszugehen, dass andere Unternehmen ebenfalls die Server dieses Drittanbieters nutzen.;";"Wenn ich direkt mit einem virtuellen Assistenten kommuniziere.;";Bei meiner ersten Kontaktaufnahme und dann erst wieder bei der n�chsten �nderung der Datenschutzrichtlinien.;10;Bei meiner ersten Kontaktaufnahme und dann erst wieder bei der n�chsten �nderung der Datenschutzrichtlinien.;9;9;3;5;5;0;9;8;5;7;7;3;0;5;5;7;7;7;"Zusammenfassen von Nutzeranfragen;Ordnen verschiedener Nutzeranfragen nach Dringlichkeit;Einsatz in der Aufnahmestelle und Weiterleiten an einen geeigneten Experten;Heraussuchen von L�sungsans�tzen aus der Datenbank;Beratende Unterst�tzung f�r menschliche Mitarbeiter;";;deutsch
30;4.22.24 19:37:12;4.22.24 21:10:27;anonymous;;Deutsch;;Hochschule (Magister) / Master;40 - 49;5;5;Trifft nicht zu;Trifft zu;6;4;0;4;2;Der virtuelle Assistent  sammelt Ticket-Daten aber anonymisiert dabei alles, was sich auf den einzelnen Nutzer zur�ckf�hren l�sst. Diese Daten werden miteinbezogen, um den virtuellen Assistent zu trainieren und zu verbessern.;Der virtuelle Assistent merkt sich das ganze Gespr�ch f�r denselben Tag, f�r den Fall, dass Sie R�ckfragen haben, oder etwas nachschauen m�ssen, wodurch Sie das Gespr�ch unterbrechen m�ssen. Nach 24 Stunden wird das Gespr�ch gel�scht.;0;10;3;4;"Das Unternehmen betreibt alles im eigenen Haus und hat eigens daf�r abgestellte Experten.;Das Unternehmen verwendet Server eines gro�en Technologiekonzerns, etwa Google, Microsoft oder Amazon.;Das Unternehmen lagert die Daten im eigenen Haus, die Wartung wird aber durch Dritte durchgef�hrt.;Das Unternehmen verwendet Server von unbekannten Drittanbietern. Es ist davon auszugehen, dass diese sich an die �bergeordneten Sicherheitsstandards ihres Klienten halten. Es ist auch davon auszugehen, dass andere Unternehmen ebenfalls die Server dieses Drittanbieters nutzen.;";"Wenn ich mit einem menschlichen Mitarbeiter kommuniziere und dieser mit einem virtuellen Assistenten in Kontakt steht.;Wenn ich direkt mit einem virtuellen Assistenten kommuniziere.;Wenn ich mit einem Menschen kommuniziere und der virtuelle Assistent mitlie�t oder mith�rt, um dem menschlichen Mitarbeiter in Echtzeit Tipps zu geben.;";Bei meiner ersten Kontaktaufnahme und dann erst wieder bei der n�chsten �nderung der Datenschutzrichtlinien.;4;Ich m�chte vor jedem Gespr�ch dar�ber informiert werden.;8;8;8;5;5;2;5;5;4;7;4;4;5;7;7;4;4;4;"Einsatz in der Aufnahmestelle und Weiterleiten an einen geeigneten Experten;Heraussuchen von L�sungsans�tzen aus der Datenbank;Beratende Unterst�tzung f�r menschliche Mitarbeiter;";;deutsch
31;4.22.24 21:08:17;4.22.24 21:22:03;anonymous;;English (United Kingdom)?;;Hochschule (Diplom) / Bachelor;21 - 29;7;5;Trifft nicht zu;Trifft zu;8;8;3;3;1;Der virtuelle Assistent  sammelt Ticket-Daten aber anonymisiert dabei alles, was sich auf den einzelnen Nutzer zur�ckf�hren l�sst. Diese Daten werden miteinbezogen, um den virtuellen Assistent zu trainieren und zu verbessern.;Der virtuelle Assistent zeichnet das gesamte Gespr�ch auf und kann dadurch auch auf den Anfang des Gespr�chs Bezug nehmen. Dadurch kann er auf komplexere Probleme eingehen, die m�glicherweise ein �hin-und-her� erfordern. Der virtuelle Assistent l�scht die Daten nach dem Gespr�chsende direkt wieder.;10;7;5;6;"Das Unternehmen verwendet Server eines gro�en Technologiekonzerns, etwa Google, Microsoft oder Amazon.;Das Unternehmen lagert die Daten im eigenen Haus, die Wartung wird aber durch Dritte durchgef�hrt.;Das Unternehmen verwendet Server von unbekannten Drittanbietern. Es ist davon auszugehen, dass diese sich an die �bergeordneten Sicherheitsstandards ihres Klienten halten. Es ist auch davon auszugehen, dass andere Unternehmen ebenfalls die Server dieses Drittanbieters nutzen.;Das Unternehmen betreibt alles im eigenen Haus und hat eigens daf�r abgestellte Experten.;";"Wenn ich direkt mit einem virtuellen Assistenten kommuniziere.;Wenn ich mit einem Menschen kommuniziere und der virtuelle Assistent mitlie�t oder mith�rt, um dem menschlichen Mitarbeiter in Echtzeit Tipps zu geben.;";Ich m�chte vor jedem Gespr�ch dar�ber informiert werden.;3;Ich m�chte vor jedem Gespr�ch dar�ber informiert werden.;8;4;6;5;6;8;7;5;6;8;7;6;3;5;4;7;7;7;"Heraussuchen von L�sungsans�tzen aus der Datenbank;Sammeln fehlender Nutzerinformationen: Sie werden durch einen virtuellen Assistenten per Chat oder Telefon benachrichtigt, falls Nutzerdaten zur L�sung des Problems fehlen.;Ordnen verschiedener Nutzeranfragen nach Dringlichkeit;Zusammenfassen von Nutzeranfragen;";;englisch
32;4.22.24 20:58:46;4.22.24 21:27:33;anonymous;;Deutsch;;Hochschule (Diplom) / Bachelor;21 - 29;5;2;Trifft nicht zu;Trifft zu;1;0;5;3;4;Die Daten �ber mich und mein Problem werden unter einem Pseudonym gespeichert, sodass sie nicht von Au�enstehenden gelesen werden k�nnen. Dadurch kann die KI sich an Ihre pers�nlichen Bed�rfnisse anpassen, kann aber auch ihre Leistung gegen�ber anderen Kunden mit �hnlichen Problemen verbessern.;Der virtuelle Assistent merkt sich das ganze Gespr�ch f�r denselben Tag, f�r den Fall, dass Sie R�ckfragen haben, oder etwas nachschauen m�ssen, wodurch Sie das Gespr�ch unterbrechen m�ssen. Nach 24 Stunden wird das Gespr�ch gel�scht.;3;3;4;3;"Das Unternehmen betreibt alles im eigenen Haus und hat eigens daf�r abgestellte Experten.;Das Unternehmen verwendet Server von unbekannten Drittanbietern. Es ist davon auszugehen, dass diese sich an die �bergeordneten Sicherheitsstandards ihres Klienten halten. Es ist auch davon auszugehen, dass andere Unternehmen ebenfalls die Server dieses Drittanbieters nutzen.;Das Unternehmen lagert die Daten im eigenen Haus, die Wartung wird aber durch Dritte durchgef�hrt.;Das Unternehmen verwendet Server eines gro�en Technologiekonzerns, etwa Google, Microsoft oder Amazon.;";"Wenn ich direkt mit einem virtuellen Assistenten kommuniziere.;";Bei meiner ersten Kontaktaufnahme und dann erst wieder bei der n�chsten �nderung der Datenschutzrichtlinien.;6;Bei meiner ersten Kontaktaufnahme und dann erst wieder bei der n�chsten �nderung der Datenschutzrichtlinien.;2;8;8;8;6;3;5;4;3;7;7;5;8;7;6;6;5;5;"Zusammenfassen von Nutzeranfragen;Heraussuchen von L�sungsans�tzen aus der Datenbank;Beratende Unterst�tzung f�r menschliche Mitarbeiter;Ordnen verschiedener Nutzeranfragen nach Dringlichkeit;Einsatz in der Aufnahmestelle und Weiterleiten an einen geeigneten Experten;Sammeln fehlender Nutzerinformationen: Sie werden durch einen virtuellen Assistenten per Chat oder Telefon benachrichtigt, falls Nutzerdaten zur L�sung des Problems fehlen.;";;deutsch
33;4.22.24 21:22:29;4.22.24 21:36:28;anonymous;;Deutsch;;Gymnasium (Abitur) ;21 - 29;9;9;Trifft nicht zu;Trifft zu;9;7;2;3;5;Der virtuelle Assistent  sammelt Ticket-Daten aber anonymisiert dabei alles, was sich auf den einzelnen Nutzer zur�ckf�hren l�sst. Diese Daten werden miteinbezogen, um den virtuellen Assistent zu trainieren und zu verbessern.;Der virtuelle Assistent merkt sich das ganze Gespr�ch f�r denselben Tag, f�r den Fall, dass Sie R�ckfragen haben, oder etwas nachschauen m�ssen, wodurch Sie das Gespr�ch unterbrechen m�ssen. Nach 24 Stunden wird das Gespr�ch gel�scht.;7;8;3;3;"Das Unternehmen betreibt alles im eigenen Haus und hat eigens daf�r abgestellte Experten.;Das Unternehmen lagert die Daten im eigenen Haus, die Wartung wird aber durch Dritte durchgef�hrt.;Das Unternehmen verwendet Server eines gro�en Technologiekonzerns, etwa Google, Microsoft oder Amazon.;Das Unternehmen verwendet Server von unbekannten Drittanbietern. Es ist davon auszugehen, dass diese sich an die �bergeordneten Sicherheitsstandards ihres Klienten halten. Es ist auch davon auszugehen, dass andere Unternehmen ebenfalls die Server dieses Drittanbieters nutzen.;";"Wenn ich direkt mit einem virtuellen Assistenten kommuniziere.;Wenn ich mit einem Menschen kommuniziere und der virtuelle Assistent mitlie�t oder mith�rt, um dem menschlichen Mitarbeiter in Echtzeit Tipps zu geben.;";Bei meiner ersten Kontaktaufnahme und dann erst wieder bei der n�chsten �nderung der Datenschutzrichtlinien.;8;Bei meiner ersten Kontaktaufnahme und dann erst wieder bei der n�chsten �nderung der Datenschutzrichtlinien.;5;5;10;7;2;2;7;7;5;8;10;2;5;9;7;6;5;3;"Zusammenfassen von Nutzeranfragen;Einsatz in der Aufnahmestelle und Weiterleiten an einen geeigneten Experten;Heraussuchen von L�sungsans�tzen aus der Datenbank;Beratende Unterst�tzung f�r menschliche Mitarbeiter;Sammeln fehlender Nutzerinformationen: Sie werden durch einen virtuellen Assistenten per Chat oder Telefon benachrichtigt, falls Nutzerdaten zur L�sung des Problems fehlen.;";;deutsch
34;4.22.24 21:36:11;4.22.24 21:49:20;anonymous;;English (United Kingdom)?;;Hochschule (Magister) / Master;21 - 29;5;8;Trifft nicht zu;Trifft zu;5;4;4;3;7;Der virtuelle Assistent  sammelt Ticket-Daten aber anonymisiert dabei alles, was sich auf den einzelnen Nutzer zur�ckf�hren l�sst. Diese Daten werden miteinbezogen, um den virtuellen Assistent zu trainieren und zu verbessern.;Der virtuelle Assistent merkt sich das ganze Gespr�ch f�r denselben Tag, f�r den Fall, dass Sie R�ckfragen haben, oder etwas nachschauen m�ssen, wodurch Sie das Gespr�ch unterbrechen m�ssen. Nach 24 Stunden wird das Gespr�ch gel�scht.;3;5;3;4;"Das Unternehmen betreibt alles im eigenen Haus und hat eigens daf�r abgestellte Experten.;Das Unternehmen lagert die Daten im eigenen Haus, die Wartung wird aber durch Dritte durchgef�hrt.;Das Unternehmen verwendet Server eines gro�en Technologiekonzerns, etwa Google, Microsoft oder Amazon.;Das Unternehmen verwendet Server von unbekannten Drittanbietern. Es ist davon auszugehen, dass diese sich an die �bergeordneten Sicherheitsstandards ihres Klienten halten. Es ist auch davon auszugehen, dass andere Unternehmen ebenfalls die Server dieses Drittanbieters nutzen.;";"Wenn ich mit einem menschlichen Mitarbeiter kommuniziere und dieser mit einem virtuellen Assistenten in Kontakt steht.;Wenn ich direkt mit einem virtuellen Assistenten kommuniziere.;";Ich m�chte vor jedem Gespr�ch dar�ber informiert werden.;7;Ich m�chte vor jedem Gespr�ch dar�ber informiert werden.;5;7;8;5;3;2;7;8;4;7;7;5;3;5;8;6;5;6;"Zusammenfassen von Nutzeranfragen;Einsatz in der Aufnahmestelle und Weiterleiten an einen geeigneten Experten;Heraussuchen von L�sungsans�tzen aus der Datenbank;";;englisch
35;4.22.24 21:38:30;4.22.24 21:51:47;anonymous;;Deutsch;;Hochschule (Magister) / Master;21 - 29;7;2;Trifft nicht zu;Trifft zu;6;3;6;4;6;Der virtuelle Assistent  sammelt Ticket-Daten aber anonymisiert dabei alles, was sich auf den einzelnen Nutzer zur�ckf�hren l�sst. Diese Daten werden miteinbezogen, um den virtuellen Assistent zu trainieren und zu verbessern.;Der virtuelle Assistent zeichnet das gesamte Gespr�ch auf und hat sich auch Ihre vergangenen Gespr�che gemerkt (pseudonymisiert und verschl�sselt). M�glicherweise h�ngt Ihr aktuelles Problem mit einem vergangenen Problem zusammen.;2;4;2;2;"Das Unternehmen betreibt alles im eigenen Haus und hat eigens daf�r abgestellte Experten.;Das Unternehmen lagert die Daten im eigenen Haus, die Wartung wird aber durch Dritte durchgef�hrt.;Das Unternehmen verwendet Server von unbekannten Drittanbietern. Es ist davon auszugehen, dass diese sich an die �bergeordneten Sicherheitsstandards ihres Klienten halten. Es ist auch davon auszugehen, dass andere Unternehmen ebenfalls die Server dieses Drittanbieters nutzen.;Das Unternehmen verwendet Server eines gro�en Technologiekonzerns, etwa Google, Microsoft oder Amazon.;";"Wenn ich direkt mit einem virtuellen Assistenten kommuniziere.;";Bei meiner ersten Kontaktaufnahme und dann erst wieder bei der n�chsten �nderung der Datenschutzrichtlinien.;3;Ich m�chte vor jedem Gespr�ch dar�ber informiert werden.;2;8;7;5;1;1;3;3;3;7;7;2;9;9;3;2;1;0;"Zusammenfassen von Nutzeranfragen;Ordnen verschiedener Nutzeranfragen nach Dringlichkeit;Einsatz in der Aufnahmestelle und Weiterleiten an einen geeigneten Experten;Sammeln fehlender Nutzerinformationen: Sie werden durch einen virtuellen Assistenten per Chat oder Telefon benachrichtigt, falls Nutzerdaten zur L�sung des Problems fehlen.;";;deutsch
36;4.22.24 21:42:55;4.22.24 22:04:26;anonymous;;Deutsch;;Hochschule (Magister) / Master;21 - 29;5;8;Trifft nicht zu;Trifft zu;7;4;3;6;4;Der virtuelle Assistent  sammelt Ticket-Daten aber anonymisiert dabei alles, was sich auf den einzelnen Nutzer zur�ckf�hren l�sst. Diese Daten werden miteinbezogen, um den virtuellen Assistent zu trainieren und zu verbessern.;Der virtuelle Assistent merkt sich das ganze Gespr�ch f�r denselben Tag, f�r den Fall, dass Sie R�ckfragen haben, oder etwas nachschauen m�ssen, wodurch Sie das Gespr�ch unterbrechen m�ssen. Nach 24 Stunden wird das Gespr�ch gel�scht.;7;5;3;5;"Das Unternehmen betreibt alles im eigenen Haus und hat eigens daf�r abgestellte Experten.;Das Unternehmen lagert die Daten im eigenen Haus, die Wartung wird aber durch Dritte durchgef�hrt.;Das Unternehmen verwendet Server von unbekannten Drittanbietern. Es ist davon auszugehen, dass diese sich an die �bergeordneten Sicherheitsstandards ihres Klienten halten. Es ist auch davon auszugehen, dass andere Unternehmen ebenfalls die Server dieses Drittanbieters nutzen.;Das Unternehmen verwendet Server eines gro�en Technologiekonzerns, etwa Google, Microsoft oder Amazon.;";"Wenn ich mit einem Menschen kommuniziere und der virtuelle Assistent mitlie�t oder mith�rt, um dem menschlichen Mitarbeiter in Echtzeit Tipps zu geben.;Wenn ich direkt mit einem virtuellen Assistenten kommuniziere.;Wenn ich mit einem menschlichen Mitarbeiter kommuniziere und dieser mit einem virtuellen Assistenten in Kontakt steht.;";Bei meiner ersten Kontaktaufnahme und dann erst wieder bei der n�chsten �nderung der Datenschutzrichtlinien.;1;Bei meiner ersten Kontaktaufnahme und dann erst wieder bei der n�chsten �nderung der Datenschutzrichtlinien.;7;7;8;7;4;4;6;7;3;10;5;3;3;7;7;7;4;7;"Zusammenfassen von Nutzeranfragen;Einsatz in der Aufnahmestelle und Weiterleiten an einen geeigneten Experten;Beratende Unterst�tzung f�r menschliche Mitarbeiter;Sammeln fehlender Nutzerinformationen: Sie werden durch einen virtuellen Assistenten per Chat oder Telefon benachrichtigt, falls Nutzerdaten zur L�sung des Problems fehlen.;";;deutsch
37;4.22.24 22:06:22;4.22.24 22:11:58;anonymous;;English (United Kingdom)?;;Hochschule (Diplom) / Bachelor;21 - 29;4;3;Trifft nicht zu;Trifft zu;4;2;9;9;9;Die Daten �ber mich und mein Problem werden unter einem Pseudonym gespeichert, sodass sie nicht von Au�enstehenden gelesen werden k�nnen. Dadurch kann die KI sich an Ihre pers�nlichen Bed�rfnisse anpassen, kann aber auch ihre Leistung gegen�ber anderen Kunden mit �hnlichen Problemen verbessern.;Der virtuelle Assistent merkt sich das ganze Gespr�ch f�r denselben Tag, f�r den Fall, dass Sie R�ckfragen haben, oder etwas nachschauen m�ssen, wodurch Sie das Gespr�ch unterbrechen m�ssen. Nach 24 Stunden wird das Gespr�ch gel�scht.;6;9;9;2;"Das Unternehmen lagert die Daten im eigenen Haus, die Wartung wird aber durch Dritte durchgef�hrt.;Das Unternehmen betreibt alles im eigenen Haus und hat eigens daf�r abgestellte Experten.;Das Unternehmen verwendet Server eines gro�en Technologiekonzerns, etwa Google, Microsoft oder Amazon.;Das Unternehmen verwendet Server von unbekannten Drittanbietern. Es ist davon auszugehen, dass diese sich an die �bergeordneten Sicherheitsstandards ihres Klienten halten. Es ist auch davon auszugehen, dass andere Unternehmen ebenfalls die Server dieses Drittanbieters nutzen.;";"Wenn ich mit einem Menschen kommuniziere und der virtuelle Assistent mitlie�t oder mith�rt, um dem menschlichen Mitarbeiter in Echtzeit Tipps zu geben.;";Garnicht, es reicht mir aus mir selbstst�ndig auf der Unternehmens-Webseite die Datenschutzbestimmungen durchzulesen.;10;Gar nicht, reicht mir aus mir selbstst�ndig auf der Unternehmens-Webseite die Datenschutzbestimmungen durchzulesen.;3;4;3;5;6;10;1;9;6;7;5;6;1;8;8;7;8;7;"Zusammenfassen von Nutzeranfragen;Heraussuchen von L�sungsans�tzen aus der Datenbank;Beratende Unterst�tzung f�r menschliche Mitarbeiter;Sammeln fehlender Nutzerinformationen: Sie werden durch einen virtuellen Assistenten per Chat oder Telefon benachrichtigt, falls Nutzerdaten zur L�sung des Problems fehlen.;";;englisch
38;4.22.24 23:26:08;4.22.24 23:38:48;anonymous;;Deutsch;;Hochschule (Diplom) / Bachelor;21 - 29;3;1;Trifft nicht zu;Trifft nicht zu;2;0;3;8;1;Der virtuelle Assistent  sammelt Ticket-Daten aber anonymisiert dabei alles, was sich auf den einzelnen Nutzer zur�ckf�hren l�sst. Diese Daten werden miteinbezogen, um den virtuellen Assistent zu trainieren und zu verbessern.;Der virtuelle Assistent zeichnet das gesamte Gespr�ch auf und hat sich auch Ihre vergangenen Gespr�che gemerkt (pseudonymisiert und verschl�sselt). M�glicherweise h�ngt Ihr aktuelles Problem mit einem vergangenen Problem zusammen.;6;7;4;4;"Das Unternehmen betreibt alles im eigenen Haus und hat eigens daf�r abgestellte Experten.;Das Unternehmen lagert die Daten im eigenen Haus, die Wartung wird aber durch Dritte durchgef�hrt.;Das Unternehmen verwendet Server eines gro�en Technologiekonzerns, etwa Google, Microsoft oder Amazon.;Das Unternehmen verwendet Server von unbekannten Drittanbietern. Es ist davon auszugehen, dass diese sich an die �bergeordneten Sicherheitsstandards ihres Klienten halten. Es ist auch davon auszugehen, dass andere Unternehmen ebenfalls die Server dieses Drittanbieters nutzen.;";"Wenn ich mit einem Menschen kommuniziere und der virtuelle Assistent mitlie�t oder mith�rt, um dem menschlichen Mitarbeiter in Echtzeit Tipps zu geben.;Wenn ich direkt mit einem virtuellen Assistenten kommuniziere.;Wenn ich mit einem menschlichen Mitarbeiter kommuniziere und dieser mit einem virtuellen Assistenten in Kontakt steht.;";Ich m�chte vor jedem Gespr�ch dar�ber informiert werden.;9;Bei meiner ersten Kontaktaufnahme und dann erst wieder bei der n�chsten �nderung der Datenschutzrichtlinien.;3;9;8;2;2;3;5;5;7;9;8;1;3;5;7;4;3;2;"Zusammenfassen von Nutzeranfragen;Einsatz in der Aufnahmestelle und Weiterleiten an einen geeigneten Experten;Heraussuchen von L�sungsans�tzen aus der Datenbank;Beratende Unterst�tzung f�r menschliche Mitarbeiter;";;deutsch
39;4.23.24 1:37:44;4.23.24 1:50:58;anonymous;;Deutsch;;Hochschule (Diplom) / Bachelor;21 - 29;8;7;Trifft nicht zu;Trifft zu;5;5;3;8;3;Die Daten �ber mich und mein Problem werden unter einem Pseudonym gespeichert, sodass sie nicht von Au�enstehenden gelesen werden k�nnen. Dadurch kann die KI sich an Ihre pers�nlichen Bed�rfnisse anpassen, kann aber auch ihre Leistung gegen�ber anderen Kunden mit �hnlichen Problemen verbessern.;Der virtuelle Assistent sollte gar kein Ged�chtnis haben. Er bezieht sich in seinen Antworten lediglich auf das zuletzt von Ihnen Gesagte. Der vorhergehende Dialog hat keinen Einfluss auf seine Antwort;5;6;8;8;"Das Unternehmen verwendet Server eines gro�en Technologiekonzerns, etwa Google, Microsoft oder Amazon.;Das Unternehmen verwendet Server von unbekannten Drittanbietern. Es ist davon auszugehen, dass diese sich an die �bergeordneten Sicherheitsstandards ihres Klienten halten. Es ist auch davon auszugehen, dass andere Unternehmen ebenfalls die Server dieses Drittanbieters nutzen.;Das Unternehmen betreibt alles im eigenen Haus und hat eigens daf�r abgestellte Experten.;Das Unternehmen lagert die Daten im eigenen Haus, die Wartung wird aber durch Dritte durchgef�hrt.;";"Wenn ich direkt mit einem virtuellen Assistenten kommuniziere.;";Garnicht, es reicht mir aus mir selbstst�ndig auf der Unternehmens-Webseite die Datenschutzbestimmungen durchzulesen.;9;Gar nicht, reicht mir aus mir selbstst�ndig auf der Unternehmens-Webseite die Datenschutzbestimmungen durchzulesen.;9;7;7;8;8;2;8;7;8;5;5;4;1;3;5;7;9;10;"Zusammenfassen von Nutzeranfragen;Ordnen verschiedener Nutzeranfragen nach Dringlichkeit;Einsatz in der Aufnahmestelle und Weiterleiten an einen geeigneten Experten;Heraussuchen von L�sungsans�tzen aus der Datenbank;Beratende Unterst�tzung f�r menschliche Mitarbeiter;Sammeln fehlender Nutzerinformationen: Sie werden durch einen virtuellen Assistenten per Chat oder Telefon benachrichtigt, falls Nutzerdaten zur L�sung des Problems fehlen.;";;deutsch
40;4.23.24 7:32:58;4.23.24 7:45:37;anonymous;;Deutsch;;Hochschule (Diplom) / Bachelor;21 - 29;2;2;Trifft nicht zu;Trifft zu;3;1;3;7;5;Die Daten �ber mich und mein Problem werden unter einem Pseudonym gespeichert, sodass sie nicht von Au�enstehenden gelesen werden k�nnen. Dadurch kann die KI sich an Ihre pers�nlichen Bed�rfnisse anpassen, kann aber auch ihre Leistung gegen�ber anderen Kunden mit �hnlichen Problemen verbessern.;Der virtuelle Assistent zeichnet das gesamte Gespr�ch auf und hat sich auch Ihre vergangenen Gespr�che gemerkt (pseudonymisiert und verschl�sselt). M�glicherweise h�ngt Ihr aktuelles Problem mit einem vergangenen Problem zusammen.;4;6;5;5;"Das Unternehmen betreibt alles im eigenen Haus und hat eigens daf�r abgestellte Experten.;Das Unternehmen lagert die Daten im eigenen Haus, die Wartung wird aber durch Dritte durchgef�hrt.;Das Unternehmen verwendet Server von unbekannten Drittanbietern. Es ist davon auszugehen, dass diese sich an die �bergeordneten Sicherheitsstandards ihres Klienten halten. Es ist auch davon auszugehen, dass andere Unternehmen ebenfalls die Server dieses Drittanbieters nutzen.;Das Unternehmen verwendet Server eines gro�en Technologiekonzerns, etwa Google, Microsoft oder Amazon.;";"Wenn ich direkt mit einem virtuellen Assistenten kommuniziere.;";Ich m�chte vor jedem Gespr�ch dar�ber informiert werden.;6;Ich m�chte vor jedem Gespr�ch dar�ber informiert werden.;4;7;5;5;7;7;5;5;4;5;5;4;5;5;5;5;5;5;"Beratende Unterst�tzung f�r menschliche Mitarbeiter;Sammeln fehlender Nutzerinformationen: Sie werden durch einen virtuellen Assistenten per Chat oder Telefon benachrichtigt, falls Nutzerdaten zur L�sung des Problems fehlen.;Heraussuchen von L�sungsans�tzen aus der Datenbank;";;deutsch
41;4.23.24 7:10:29;4.23.24 8:04:19;anonymous;;Deutsch;;Abgeschlossene Ausbildung ;30 - 39;7;8;Trifft zu;Trifft zu;7;8;2;5;2;Der virtuelle Assistent  sammelt Ticket-Daten aber anonymisiert dabei alles, was sich auf den einzelnen Nutzer zur�ckf�hren l�sst. Diese Daten werden miteinbezogen, um den virtuellen Assistent zu trainieren und zu verbessern.;Der virtuelle Assistent zeichnet das gesamte Gespr�ch auf und kann dadurch auch auf den Anfang des Gespr�chs Bezug nehmen. Dadurch kann er auf komplexere Probleme eingehen, die m�glicherweise ein �hin-und-her� erfordern. Der virtuelle Assistent l�scht die Daten nach dem Gespr�chsende direkt wieder.;2;9;3;2;"Das Unternehmen verwendet Server eines gro�en Technologiekonzerns, etwa Google, Microsoft oder Amazon.;Das Unternehmen betreibt alles im eigenen Haus und hat eigens daf�r abgestellte Experten.;Das Unternehmen lagert die Daten im eigenen Haus, die Wartung wird aber durch Dritte durchgef�hrt.;Das Unternehmen verwendet Server von unbekannten Drittanbietern. Es ist davon auszugehen, dass diese sich an die �bergeordneten Sicherheitsstandards ihres Klienten halten. Es ist auch davon auszugehen, dass andere Unternehmen ebenfalls die Server dieses Drittanbieters nutzen.;";"Wenn ich mit einem menschlichen Mitarbeiter kommuniziere und dieser mit einem virtuellen Assistenten in Kontakt steht.;Wenn ich direkt mit einem virtuellen Assistenten kommuniziere.;Wenn ich mit einem Menschen kommuniziere und der virtuelle Assistent mitlie�t oder mith�rt, um dem menschlichen Mitarbeiter in Echtzeit Tipps zu geben.;";Ich m�chte vor jedem Gespr�ch dar�ber informiert werden.;5;Ich m�chte vor jedem Gespr�ch dar�ber informiert werden.;3;10;8;5;5;3;3;5;5;7;7;5;3;3;8;6;5;5;"Zusammenfassen von Nutzeranfragen;Einsatz in der Aufnahmestelle und Weiterleiten an einen geeigneten Experten;Heraussuchen von L�sungsans�tzen aus der Datenbank;Sammeln fehlender Nutzerinformationen: Sie werden durch einen virtuellen Assistenten per Chat oder Telefon benachrichtigt, falls Nutzerdaten zur L�sung des Problems fehlen.;";Niedriger Datensatz = schlechtere Hilfe. Neue F�lle= zeitaufw�ndig (w�hlen durch die DB, Frage- Antwort- hagel, letztendlich kein Ergebnis)  ;deutsch
42;4.23.24 7:52:41;4.23.24 8:07:31;anonymous;;Deutsch;;Hochschule (Diplom) / Bachelor;30 - 39;5;4;Trifft nicht zu;Trifft zu;2;2;1;8;3;Der virtuelle Assistent  sammelt Ticket-Daten aber anonymisiert dabei alles, was sich auf den einzelnen Nutzer zur�ckf�hren l�sst. Diese Daten werden miteinbezogen, um den virtuellen Assistent zu trainieren und zu verbessern.;Der virtuelle Assistent merkt sich das ganze Gespr�ch f�r denselben Tag, f�r den Fall, dass Sie R�ckfragen haben, oder etwas nachschauen m�ssen, wodurch Sie das Gespr�ch unterbrechen m�ssen. Nach 24 Stunden wird das Gespr�ch gel�scht.;2;10;8;8;"Das Unternehmen betreibt alles im eigenen Haus und hat eigens daf�r abgestellte Experten.;Das Unternehmen verwendet Server eines gro�en Technologiekonzerns, etwa Google, Microsoft oder Amazon.;Das Unternehmen lagert die Daten im eigenen Haus, die Wartung wird aber durch Dritte durchgef�hrt.;Das Unternehmen verwendet Server von unbekannten Drittanbietern. Es ist davon auszugehen, dass diese sich an die �bergeordneten Sicherheitsstandards ihres Klienten halten. Es ist auch davon auszugehen, dass andere Unternehmen ebenfalls die Server dieses Drittanbieters nutzen.;";"Wenn ich direkt mit einem virtuellen Assistenten kommuniziere.;Wenn ich mit einem Menschen kommuniziere und der virtuelle Assistent mitlie�t oder mith�rt, um dem menschlichen Mitarbeiter in Echtzeit Tipps zu geben.;";Bei meiner ersten Kontaktaufnahme und dann erst wieder bei der n�chsten �nderung der Datenschutzrichtlinien.;8;Ich m�chte vor jedem Gespr�ch dar�ber informiert werden.;2;10;10;7;5;5;5;4;2;6;5;6;2;9;9;7;7;10;"Zusammenfassen von Nutzeranfragen;Heraussuchen von L�sungsans�tzen aus der Datenbank;Ordnen verschiedener Nutzeranfragen nach Dringlichkeit;Einsatz in der Aufnahmestelle und Weiterleiten an einen geeigneten Experten;Beratende Unterst�tzung f�r menschliche Mitarbeiter;Sammeln fehlender Nutzerinformationen: Sie werden durch einen virtuellen Assistenten per Chat oder Telefon benachrichtigt, falls Nutzerdaten zur L�sung des Problems fehlen.;";Ich finde KI (egal ob im IT Support oder grunds�tzlich) kann eine Hilfe/Entlastung sein aber aber nur wenn es im Nachgang noch ein menschliche Kontrollfunktion gibt bzw. die Option �ber menschlichen Support vorhanden ist. ;deutsch
43;4.23.24 13:31:05;4.23.24 13:41:31;anonymous;;Deutsch;;Hochschule (Promotion) ;50 - 59;10;1;Trifft zu;Trifft nicht zu;9;0;9;8;10;Die Daten �ber mich und mein Problem werden unter einem Pseudonym gespeichert, sodass sie nicht von Au�enstehenden gelesen werden k�nnen. Dadurch kann die KI sich an Ihre pers�nlichen Bed�rfnisse anpassen, kann aber auch ihre Leistung gegen�ber anderen Kunden mit �hnlichen Problemen verbessern.;Der virtuelle Assistent zeichnet das gesamte Gespr�ch auf und hat sich auch Ihre vergangenen Gespr�che gemerkt (pseudonymisiert und verschl�sselt). M�glicherweise h�ngt Ihr aktuelles Problem mit einem vergangenen Problem zusammen.;1;9;9;9;"Das Unternehmen betreibt alles im eigenen Haus und hat eigens daf�r abgestellte Experten.;Das Unternehmen lagert die Daten im eigenen Haus, die Wartung wird aber durch Dritte durchgef�hrt.;Das Unternehmen verwendet Server eines gro�en Technologiekonzerns, etwa Google, Microsoft oder Amazon.;Das Unternehmen verwendet Server von unbekannten Drittanbietern. Es ist davon auszugehen, dass diese sich an die �bergeordneten Sicherheitsstandards ihres Klienten halten. Es ist auch davon auszugehen, dass andere Unternehmen ebenfalls die Server dieses Drittanbieters nutzen.;";"Wenn ich mit einem menschlichen Mitarbeiter kommuniziere und dieser mit einem virtuellen Assistenten in Kontakt steht.;Wenn ich direkt mit einem virtuellen Assistenten kommuniziere.;Wenn ich mit einem Menschen kommuniziere und der virtuelle Assistent mitlie�t oder mith�rt, um dem menschlichen Mitarbeiter in Echtzeit Tipps zu geben.;";Ich m�chte vor jedem Gespr�ch dar�ber informiert werden.;9;Ich m�chte vor jedem Gespr�ch dar�ber informiert werden.;0;9;7;5;0;3;8;8;3;9;9;0;0;5;8;8;8;8;"Zusammenfassen von Nutzeranfragen;Einsatz in der Aufnahmestelle und Weiterleiten an einen geeigneten Experten;Heraussuchen von L�sungsans�tzen aus der Datenbank;Beratende Unterst�tzung f�r menschliche Mitarbeiter;";In der �ffentlichen Verwaltung und in der Verwaltung von Gro�konzernen ist der Umstieg auf KI �berf�llig und dringend erforderlich.;deutsch
44;4.23.24 13:34:18;4.23.24 13:57:34;anonymous;;English (United Kingdom)?;;Hochschule (Magister) / Master;30 - 39;8;7;Trifft nicht zu;Trifft zu;6;5;8;4;5;Die Daten �ber mich und mein Problem werden unter einem Pseudonym gespeichert, sodass sie nicht von Au�enstehenden gelesen werden k�nnen. Dadurch kann die KI sich an Ihre pers�nlichen Bed�rfnisse anpassen, kann aber auch ihre Leistung gegen�ber anderen Kunden mit �hnlichen Problemen verbessern.;Der virtuelle Assistent zeichnet das gesamte Gespr�ch auf und hat sich auch Ihre vergangenen Gespr�che gemerkt (pseudonymisiert und verschl�sselt). M�glicherweise h�ngt Ihr aktuelles Problem mit einem vergangenen Problem zusammen.;7;2;8;5;"Das Unternehmen betreibt alles im eigenen Haus und hat eigens daf�r abgestellte Experten.;Das Unternehmen lagert die Daten im eigenen Haus, die Wartung wird aber durch Dritte durchgef�hrt.;Das Unternehmen verwendet Server eines gro�en Technologiekonzerns, etwa Google, Microsoft oder Amazon.;Das Unternehmen verwendet Server von unbekannten Drittanbietern. Es ist davon auszugehen, dass diese sich an die �bergeordneten Sicherheitsstandards ihres Klienten halten. Es ist auch davon auszugehen, dass andere Unternehmen ebenfalls die Server dieses Drittanbieters nutzen.;";"Wenn ich mit einem Menschen kommuniziere und der virtuelle Assistent mitlie�t oder mith�rt, um dem menschlichen Mitarbeiter in Echtzeit Tipps zu geben.;Wenn ich direkt mit einem virtuellen Assistenten kommuniziere.;";Bei meiner ersten Kontaktaufnahme und dann erst wieder bei der n�chsten �nderung der Datenschutzrichtlinien.;6;Bei meiner ersten Kontaktaufnahme und dann erst wieder bei der n�chsten �nderung der Datenschutzrichtlinien.;4;6;4;8;6;3;9;8;7;7;9;2;2;9;8;7;8;8;"Ordnen verschiedener Nutzeranfragen nach Dringlichkeit;Heraussuchen von L�sungsans�tzen aus der Datenbank;";;englisch
45;4.23.24 16:22:41;4.23.24 16:31:51;anonymous;;Deutsch;;Hochschule (Diplom) / Bachelor;21 - 29;10;9;Trifft zu;Trifft zu;9;8;3;9;8;Die Daten �ber mich und mein Problem werden unter einem Pseudonym gespeichert, sodass sie nicht von Au�enstehenden gelesen werden k�nnen. Dadurch kann die KI sich an Ihre pers�nlichen Bed�rfnisse anpassen, kann aber auch ihre Leistung gegen�ber anderen Kunden mit �hnlichen Problemen verbessern.;Der virtuelle Assistent zeichnet das gesamte Gespr�ch auf und hat sich auch Ihre vergangenen Gespr�che gemerkt (pseudonymisiert und verschl�sselt). M�glicherweise h�ngt Ihr aktuelles Problem mit einem vergangenen Problem zusammen.;2;7;7;7;"Das Unternehmen betreibt alles im eigenen Haus und hat eigens daf�r abgestellte Experten.;Das Unternehmen lagert die Daten im eigenen Haus, die Wartung wird aber durch Dritte durchgef�hrt.;Das Unternehmen verwendet Server eines gro�en Technologiekonzerns, etwa Google, Microsoft oder Amazon.;Das Unternehmen verwendet Server von unbekannten Drittanbietern. Es ist davon auszugehen, dass diese sich an die �bergeordneten Sicherheitsstandards ihres Klienten halten. Es ist auch davon auszugehen, dass andere Unternehmen ebenfalls die Server dieses Drittanbieters nutzen.;";"Wenn ich direkt mit einem virtuellen Assistenten kommuniziere.;Wenn ich mit einem menschlichen Mitarbeiter kommuniziere und dieser mit einem virtuellen Assistenten in Kontakt steht.;Wenn ich mit einem Menschen kommuniziere und der virtuelle Assistent mitlie�t oder mith�rt, um dem menschlichen Mitarbeiter in Echtzeit Tipps zu geben.;";Ich m�chte vor jedem Gespr�ch dar�ber informiert werden.;9;Ich m�chte vor jedem Gespr�ch dar�ber informiert werden.;2;8;9;7;5;2;3;6;2;10;10;2;1;9;8;8;7;7;"Zusammenfassen von Nutzeranfragen;Ordnen verschiedener Nutzeranfragen nach Dringlichkeit;Einsatz in der Aufnahmestelle und Weiterleiten an einen geeigneten Experten;Beratende Unterst�tzung f�r menschliche Mitarbeiter;Sammeln fehlender Nutzerinformationen: Sie werden durch einen virtuellen Assistenten per Chat oder Telefon benachrichtigt, falls Nutzerdaten zur L�sung des Problems fehlen.;";"Anliegen wird in vorgefertigte Kategorien ""gepresst"": Sonderfall wird nicht als solcher behandelt";deutsch
46;4.23.24 18:01:33;4.23.24 18:13:00;anonymous;;Deutsch;;Hochschule (Magister) / Master;21 - 29;5;5;Trifft zu;Trifft nicht zu;10;6;8;1;7;Der virtuelle Assistent  sammelt Ticket-Daten aber anonymisiert dabei alles, was sich auf den einzelnen Nutzer zur�ckf�hren l�sst. Diese Daten werden miteinbezogen, um den virtuellen Assistent zu trainieren und zu verbessern.;Der virtuelle Assistent zeichnet das gesamte Gespr�ch auf und hat sich auch Ihre vergangenen Gespr�che gemerkt (pseudonymisiert und verschl�sselt). M�glicherweise h�ngt Ihr aktuelles Problem mit einem vergangenen Problem zusammen.;3;8;4;4;"Das Unternehmen betreibt alles im eigenen Haus und hat eigens daf�r abgestellte Experten.;Das Unternehmen lagert die Daten im eigenen Haus, die Wartung wird aber durch Dritte durchgef�hrt.;Das Unternehmen verwendet Server von unbekannten Drittanbietern. Es ist davon auszugehen, dass diese sich an die �bergeordneten Sicherheitsstandards ihres Klienten halten. Es ist auch davon auszugehen, dass andere Unternehmen ebenfalls die Server dieses Drittanbieters nutzen.;Das Unternehmen verwendet Server eines gro�en Technologiekonzerns, etwa Google, Microsoft oder Amazon.;";"Wenn ich mit einem menschlichen Mitarbeiter kommuniziere und dieser mit einem virtuellen Assistenten in Kontakt steht.;Wenn ich direkt mit einem virtuellen Assistenten kommuniziere.;Wenn ich mit einem Menschen kommuniziere und der virtuelle Assistent mitlie�t oder mith�rt, um dem menschlichen Mitarbeiter in Echtzeit Tipps zu geben.;";Ich m�chte vor jedem Gespr�ch dar�ber informiert werden.;7;Ich m�chte vor jedem Gespr�ch dar�ber informiert werden.;7;3;7;3;3;2;7;5;0;2;5;5;0;3;2;7;5;6;"Heraussuchen von L�sungsans�tzen aus der Datenbank;Beratende Unterst�tzung f�r menschliche Mitarbeiter;";;deutsch
47;4.23.24 18:24:04;4.23.24 18:33:04;anonymous;;Deutsch;;Abgeschlossene Ausbildung ;21 - 29;5;3;Trifft nicht zu;Trifft nicht zu;0;0;5;7;3;Der virtuelle Assistent  sammelt Ticket-Daten aber anonymisiert dabei alles, was sich auf den einzelnen Nutzer zur�ckf�hren l�sst. Diese Daten werden miteinbezogen, um den virtuellen Assistent zu trainieren und zu verbessern.;Der virtuelle Assistent merkt sich das ganze Gespr�ch f�r denselben Tag, f�r den Fall, dass Sie R�ckfragen haben, oder etwas nachschauen m�ssen, wodurch Sie das Gespr�ch unterbrechen m�ssen. Nach 24 Stunden wird das Gespr�ch gel�scht.;5;8;5;5;"Das Unternehmen verwendet Server eines gro�en Technologiekonzerns, etwa Google, Microsoft oder Amazon.;Das Unternehmen verwendet Server von unbekannten Drittanbietern. Es ist davon auszugehen, dass diese sich an die �bergeordneten Sicherheitsstandards ihres Klienten halten. Es ist auch davon auszugehen, dass andere Unternehmen ebenfalls die Server dieses Drittanbieters nutzen.;Das Unternehmen betreibt alles im eigenen Haus und hat eigens daf�r abgestellte Experten.;Das Unternehmen lagert die Daten im eigenen Haus, die Wartung wird aber durch Dritte durchgef�hrt.;";"Wenn ich mit einem menschlichen Mitarbeiter kommuniziere und dieser mit einem virtuellen Assistenten in Kontakt steht.;";Ich m�chte vor jedem Gespr�ch dar�ber informiert werden.;7;Gar nicht, reicht mir aus mir selbstst�ndig auf der Unternehmens-Webseite die Datenschutzbestimmungen durchzulesen.;7;6;5;5;5;10;10;5;0;5;5;0;10;5;5;5;5;5;"Zusammenfassen von Nutzeranfragen;Heraussuchen von L�sungsans�tzen aus der Datenbank;";;deutsch
48;4.23.24 22:11:24;4.23.24 22:32:46;anonymous;;English (United Kingdom)?;;Hochschule (Magister) / Master;21 - 29;8;7;Trifft zu;Trifft zu;5;2;8;5;8;Der virtuelle Assistent  sammelt Ticket-Daten aber anonymisiert dabei alles, was sich auf den einzelnen Nutzer zur�ckf�hren l�sst. Diese Daten werden miteinbezogen, um den virtuellen Assistent zu trainieren und zu verbessern.;Der virtuelle Assistent zeichnet das gesamte Gespr�ch auf und kann dadurch auch auf den Anfang des Gespr�chs Bezug nehmen. Dadurch kann er auf komplexere Probleme eingehen, die m�glicherweise ein �hin-und-her� erfordern. Der virtuelle Assistent l�scht die Daten nach dem Gespr�chsende direkt wieder.;8;4;3;2;"Das Unternehmen betreibt alles im eigenen Haus und hat eigens daf�r abgestellte Experten.;Das Unternehmen verwendet Server eines gro�en Technologiekonzerns, etwa Google, Microsoft oder Amazon.;Das Unternehmen lagert die Daten im eigenen Haus, die Wartung wird aber durch Dritte durchgef�hrt.;Das Unternehmen verwendet Server von unbekannten Drittanbietern. Es ist davon auszugehen, dass diese sich an die �bergeordneten Sicherheitsstandards ihres Klienten halten. Es ist auch davon auszugehen, dass andere Unternehmen ebenfalls die Server dieses Drittanbieters nutzen.;";"Wenn ich direkt mit einem virtuellen Assistenten kommuniziere.;";Bei meiner ersten Kontaktaufnahme und dann erst wieder bei der n�chsten �nderung der Datenschutzrichtlinien.;6;Bei meiner ersten Kontaktaufnahme und dann erst wieder bei der n�chsten �nderung der Datenschutzrichtlinien.;5;3;8;8;8;1;6;7;5;7;7;5;0;7;7;8;8;9;"Heraussuchen von L�sungsans�tzen aus der Datenbank;Zusammenfassen von Nutzeranfragen;Beratende Unterst�tzung f�r menschliche Mitarbeiter;";That they don�t have the answer to my question. Otherwise all good. I trust virtual assistants more than human assistants.;englisch
49;4.23.24 22:15:08;4.23.24 22:37:02;anonymous;;Deutsch;;Hochschule (Magister) / Master;21 - 29;8;8;Trifft zu;Trifft zu;10;10;6;8;8;Der virtuelle Assistent  sammelt Ticket-Daten aber anonymisiert dabei alles, was sich auf den einzelnen Nutzer zur�ckf�hren l�sst. Diese Daten werden miteinbezogen, um den virtuellen Assistent zu trainieren und zu verbessern.;Der virtuelle Assistent merkt sich das ganze Gespr�ch f�r denselben Tag, f�r den Fall, dass Sie R�ckfragen haben, oder etwas nachschauen m�ssen, wodurch Sie das Gespr�ch unterbrechen m�ssen. Nach 24 Stunden wird das Gespr�ch gel�scht.;1;1;4;4;"Das Unternehmen betreibt alles im eigenen Haus und hat eigens daf�r abgestellte Experten.;Das Unternehmen verwendet Server eines gro�en Technologiekonzerns, etwa Google, Microsoft oder Amazon.;Das Unternehmen verwendet Server von unbekannten Drittanbietern. Es ist davon auszugehen, dass diese sich an die �bergeordneten Sicherheitsstandards ihres Klienten halten. Es ist auch davon auszugehen, dass andere Unternehmen ebenfalls die Server dieses Drittanbieters nutzen.;Das Unternehmen lagert die Daten im eigenen Haus, die Wartung wird aber durch Dritte durchgef�hrt.;";"Wenn ich mit einem menschlichen Mitarbeiter kommuniziere und dieser mit einem virtuellen Assistenten in Kontakt steht.;Wenn ich direkt mit einem virtuellen Assistenten kommuniziere.;Wenn ich mit einem Menschen kommuniziere und der virtuelle Assistent mitlie�t oder mith�rt, um dem menschlichen Mitarbeiter in Echtzeit Tipps zu geben.;";Bei meiner ersten Kontaktaufnahme und dann erst wieder bei der n�chsten �nderung der Datenschutzrichtlinien.;4;Bei meiner ersten Kontaktaufnahme und dann erst wieder bei der n�chsten �nderung der Datenschutzrichtlinien.;7;7;7;10;7;6;10;7;3;2;3;9;10;9;7;5;4;3;"Zusammenfassen von Nutzeranfragen;Ordnen verschiedener Nutzeranfragen nach Dringlichkeit;Heraussuchen von L�sungsans�tzen aus der Datenbank;Beratende Unterst�tzung f�r menschliche Mitarbeiter;Sammeln fehlender Nutzerinformationen: Sie werden durch einen virtuellen Assistenten per Chat oder Telefon benachrichtigt, falls Nutzerdaten zur L�sung des Problems fehlen.;";Unbeabsichtigte oder beabsichtigte Abspeicherung pers�nlicher Daten (Name, Wohnort, Kundennummer, Alter, etc.). Unzuverl�ssige L�sungsfindung, vor allem bei selten auftretenden Problemen. Bei falscher L�sung potentiell unflexibel, i.e. gibt die gleiche Antwort in unterschiedlichen Formulierungen und arbeitet nicht auf eine L�sung hin.;deutsch
50;4.24.24 14:51:41;4.24.24 15:06:02;anonymous;;Deutsch;;Hochschule (Magister) / Master;21 - 29;4;6;Trifft nicht zu;Trifft zu;7;4;0;3;6;Die Daten �ber mich und mein Problem werden unter einem Pseudonym gespeichert, sodass sie nicht von Au�enstehenden gelesen werden k�nnen. Dadurch kann die KI sich an Ihre pers�nlichen Bed�rfnisse anpassen, kann aber auch ihre Leistung gegen�ber anderen Kunden mit �hnlichen Problemen verbessern.;Der virtuelle Assistent zeichnet das gesamte Gespr�ch auf und kann dadurch auch auf den Anfang des Gespr�chs Bezug nehmen. Dadurch kann er auf komplexere Probleme eingehen, die m�glicherweise ein �hin-und-her� erfordern. Der virtuelle Assistent l�scht die Daten nach dem Gespr�chsende direkt wieder.;7;10;8;8;"Das Unternehmen verwendet Server eines gro�en Technologiekonzerns, etwa Google, Microsoft oder Amazon.;Das Unternehmen betreibt alles im eigenen Haus und hat eigens daf�r abgestellte Experten.;Das Unternehmen lagert die Daten im eigenen Haus, die Wartung wird aber durch Dritte durchgef�hrt.;Das Unternehmen verwendet Server von unbekannten Drittanbietern. Es ist davon auszugehen, dass diese sich an die �bergeordneten Sicherheitsstandards ihres Klienten halten. Es ist auch davon auszugehen, dass andere Unternehmen ebenfalls die Server dieses Drittanbieters nutzen.;";"Wenn ich mit einem menschlichen Mitarbeiter kommuniziere und dieser mit einem virtuellen Assistenten in Kontakt steht.;Wenn ich direkt mit einem virtuellen Assistenten kommuniziere.;Wenn ich mit einem Menschen kommuniziere und der virtuelle Assistent mitlie�t oder mith�rt, um dem menschlichen Mitarbeiter in Echtzeit Tipps zu geben.;";Bei meiner ersten Kontaktaufnahme und dann erst wieder bei der n�chsten �nderung der Datenschutzrichtlinien.;10;Bei meiner ersten Kontaktaufnahme und dann erst wieder bei der n�chsten �nderung der Datenschutzrichtlinien.;5;5;9;6;6;0;5;6;2;10;7;4;7;8;10;6;5;6;"Zusammenfassen von Nutzeranfragen;Ordnen verschiedener Nutzeranfragen nach Dringlichkeit;Einsatz in der Aufnahmestelle und Weiterleiten an einen geeigneten Experten;Heraussuchen von L�sungsans�tzen aus der Datenbank;Beratende Unterst�tzung f�r menschliche Mitarbeiter;Sammeln fehlender Nutzerinformationen: Sie werden durch einen virtuellen Assistenten per Chat oder Telefon benachrichtigt, falls Nutzerdaten zur L�sung des Problems fehlen.;";;deutsch
51;4.24.24 17:47:47;4.24.24 17:53:27;anonymous;;Deutsch;;Hochschule (Magister) / Master;21 - 29;2;2;Trifft nicht zu;Trifft zu;2;2;3;6;5;Die Daten �ber mich und mein Problem werden unter einem Pseudonym gespeichert, sodass sie nicht von Au�enstehenden gelesen werden k�nnen. Dadurch kann die KI sich an Ihre pers�nlichen Bed�rfnisse anpassen, kann aber auch ihre Leistung gegen�ber anderen Kunden mit �hnlichen Problemen verbessern.;Der virtuelle Assistent zeichnet das gesamte Gespr�ch auf und hat sich auch Ihre vergangenen Gespr�che gemerkt (pseudonymisiert und verschl�sselt). M�glicherweise h�ngt Ihr aktuelles Problem mit einem vergangenen Problem zusammen.;5;8;6;6;"Das Unternehmen betreibt alles im eigenen Haus und hat eigens daf�r abgestellte Experten.;Das Unternehmen lagert die Daten im eigenen Haus, die Wartung wird aber durch Dritte durchgef�hrt.;Das Unternehmen verwendet Server eines gro�en Technologiekonzerns, etwa Google, Microsoft oder Amazon.;Das Unternehmen verwendet Server von unbekannten Drittanbietern. Es ist davon auszugehen, dass diese sich an die �bergeordneten Sicherheitsstandards ihres Klienten halten. Es ist auch davon auszugehen, dass andere Unternehmen ebenfalls die Server dieses Drittanbieters nutzen.;";"Wenn ich mit einem menschlichen Mitarbeiter kommuniziere und dieser mit einem virtuellen Assistenten in Kontakt steht.;Wenn ich direkt mit einem virtuellen Assistenten kommuniziere.;Wenn ich mit einem Menschen kommuniziere und der virtuelle Assistent mitlie�t oder mith�rt, um dem menschlichen Mitarbeiter in Echtzeit Tipps zu geben.;";Ich m�chte vor jedem Gespr�ch dar�ber informiert werden.;6;Ich m�chte vor jedem Gespr�ch dar�ber informiert werden.;3;6;7;3;3;3;6;6;2;9;6;3;9;6;7;8;6;6;"Zusammenfassen von Nutzeranfragen;Ordnen verschiedener Nutzeranfragen nach Dringlichkeit;Einsatz in der Aufnahmestelle und Weiterleiten an einen geeigneten Experten;Heraussuchen von L�sungsans�tzen aus der Datenbank;Beratende Unterst�tzung f�r menschliche Mitarbeiter;Sammeln fehlender Nutzerinformationen: Sie werden durch einen virtuellen Assistenten per Chat oder Telefon benachrichtigt, falls Nutzerdaten zur L�sung des Problems fehlen.;";;deutsch
52;4.24.24 18:19:42;4.24.24 18:28:24;anonymous;;Deutsch;;Hochschule (Magister) / Master;30 - 39;9;9;Trifft zu;Trifft zu;9;9;4;5;5;Die Daten �ber mich und mein Problem werden unter einem Pseudonym gespeichert, sodass sie nicht von Au�enstehenden gelesen werden k�nnen. Dadurch kann die KI sich an Ihre pers�nlichen Bed�rfnisse anpassen, kann aber auch ihre Leistung gegen�ber anderen Kunden mit �hnlichen Problemen verbessern.;Der virtuelle Assistent zeichnet das gesamte Gespr�ch auf und kann dadurch auch auf den Anfang des Gespr�chs Bezug nehmen. Dadurch kann er auf komplexere Probleme eingehen, die m�glicherweise ein �hin-und-her� erfordern. Der virtuelle Assistent l�scht die Daten nach dem Gespr�chsende direkt wieder.;1;5;2;2;"Das Unternehmen betreibt alles im eigenen Haus und hat eigens daf�r abgestellte Experten.;Das Unternehmen verwendet Server eines gro�en Technologiekonzerns, etwa Google, Microsoft oder Amazon.;Das Unternehmen lagert die Daten im eigenen Haus, die Wartung wird aber durch Dritte durchgef�hrt.;Das Unternehmen verwendet Server von unbekannten Drittanbietern. Es ist davon auszugehen, dass diese sich an die �bergeordneten Sicherheitsstandards ihres Klienten halten. Es ist auch davon auszugehen, dass andere Unternehmen ebenfalls die Server dieses Drittanbieters nutzen.;";"Wenn ich direkt mit einem virtuellen Assistenten kommuniziere.;";Bei meiner ersten Kontaktaufnahme und dann erst wieder bei der n�chsten �nderung der Datenschutzrichtlinien.;6;Bei meiner ersten Kontaktaufnahme und dann erst wieder bei der n�chsten �nderung der Datenschutzrichtlinien.;5;7;9;9;4;2;5;7;3;9;8;2;7;7;7;7;7;7;"Zusammenfassen von Nutzeranfragen;Ordnen verschiedener Nutzeranfragen nach Dringlichkeit;Einsatz in der Aufnahmestelle und Weiterleiten an einen geeigneten Experten;Beratende Unterst�tzung f�r menschliche Mitarbeiter;Sammeln fehlender Nutzerinformationen: Sie werden durch einen virtuellen Assistenten per Chat oder Telefon benachrichtigt, falls Nutzerdaten zur L�sung des Problems fehlen.;";;deutsch
53;4.24.24 22:38:57;4.24.24 22:46:54;anonymous;;Deutsch;;Hochschule (Promotion) ;21 - 29;5;6;Trifft nicht zu;Trifft nicht zu;0;0;8;8;5;Der virtuelle Assistent sammelt gar keine Daten. Dadurch kann er sich aber leistungstechnisch nicht verbessern. Seine Antworten sind zeitlich auf dem Stand seines letzten Updates.;Der virtuelle Assistent zeichnet das gesamte Gespr�ch auf und kann dadurch auch auf den Anfang des Gespr�chs Bezug nehmen. Dadurch kann er auf komplexere Probleme eingehen, die m�glicherweise ein �hin-und-her� erfordern. Der virtuelle Assistent l�scht die Daten nach dem Gespr�chsende direkt wieder.;6;2;8;7;"Das Unternehmen betreibt alles im eigenen Haus und hat eigens daf�r abgestellte Experten.;Das Unternehmen verwendet Server von unbekannten Drittanbietern. Es ist davon auszugehen, dass diese sich an die �bergeordneten Sicherheitsstandards ihres Klienten halten. Es ist auch davon auszugehen, dass andere Unternehmen ebenfalls die Server dieses Drittanbieters nutzen.;Das Unternehmen lagert die Daten im eigenen Haus, die Wartung wird aber durch Dritte durchgef�hrt.;Das Unternehmen verwendet Server eines gro�en Technologiekonzerns, etwa Google, Microsoft oder Amazon.;";"Wenn ich direkt mit einem virtuellen Assistenten kommuniziere.;";Garnicht, es reicht mir aus mir selbstst�ndig auf der Unternehmens-Webseite die Datenschutzbestimmungen durchzulesen.;4;Gar nicht, reicht mir aus mir selbstst�ndig auf der Unternehmens-Webseite die Datenschutzbestimmungen durchzulesen.;0;1;5;5;7;0;9;8;5;5;5;0;1;8;10;9;9;2;"Einsatz in der Aufnahmestelle und Weiterleiten an einen geeigneten Experten;";;deutsch
54;4.25.24 14:35:58;4.25.24 14:49:29;anonymous;;Deutsch;;Hochschule (Promotion) ;21 - 29;6;3;Trifft nicht zu;Trifft zu;6;0;0;10;1;Die Daten �ber mich und mein Problem werden unter einem Pseudonym gespeichert, sodass sie nicht von Au�enstehenden gelesen werden k�nnen. Dadurch kann die KI sich an Ihre pers�nlichen Bed�rfnisse anpassen, kann aber auch ihre Leistung gegen�ber anderen Kunden mit �hnlichen Problemen verbessern.;Der virtuelle Assistent zeichnet das gesamte Gespr�ch auf und kann dadurch auch auf den Anfang des Gespr�chs Bezug nehmen. Dadurch kann er auf komplexere Probleme eingehen, die m�glicherweise ein �hin-und-her� erfordern. Der virtuelle Assistent l�scht die Daten nach dem Gespr�chsende direkt wieder.;0;6;8;8;"Das Unternehmen betreibt alles im eigenen Haus und hat eigens daf�r abgestellte Experten.;Das Unternehmen verwendet Server eines gro�en Technologiekonzerns, etwa Google, Microsoft oder Amazon.;Das Unternehmen lagert die Daten im eigenen Haus, die Wartung wird aber durch Dritte durchgef�hrt.;Das Unternehmen verwendet Server von unbekannten Drittanbietern. Es ist davon auszugehen, dass diese sich an die �bergeordneten Sicherheitsstandards ihres Klienten halten. Es ist auch davon auszugehen, dass andere Unternehmen ebenfalls die Server dieses Drittanbieters nutzen.;";"Wenn ich direkt mit einem virtuellen Assistenten kommuniziere.;Wenn ich mit einem menschlichen Mitarbeiter kommuniziere und dieser mit einem virtuellen Assistenten in Kontakt steht.;Wenn ich mit einem Menschen kommuniziere und der virtuelle Assistent mitlie�t oder mith�rt, um dem menschlichen Mitarbeiter in Echtzeit Tipps zu geben.;";Ich m�chte vor jedem Gespr�ch dar�ber informiert werden.;5;Ich m�chte vor jedem Gespr�ch dar�ber informiert werden.;3;9;10;7;1;0;10;8;5;10;9;6;5;9;2;7;5;9;"Zusammenfassen von Nutzeranfragen;Einsatz in der Aufnahmestelle und Weiterleiten an einen geeigneten Experten;Heraussuchen von L�sungsans�tzen aus der Datenbank;Sammeln fehlender Nutzerinformationen: Sie werden durch einen virtuellen Assistenten per Chat oder Telefon benachrichtigt, falls Nutzerdaten zur L�sung des Problems fehlen.;";Ich habe die Bef�rchtung, dass die KI ein komplexes Problem nicht versteht, wenn ich es in einem Chat beschreiben muss, insbesondere wenn es um Fachw�rter geht. ;deutsch
55;4.26.24 9:29:49;4.26.24 9:46:29;anonymous;;Deutsch;;Hochschule (Diplom) / Bachelor;60 oder �lter;9;8;Trifft zu;Trifft nicht zu;8;0;10;9;8;Der virtuelle Assistent  sammelt Ticket-Daten aber anonymisiert dabei alles, was sich auf den einzelnen Nutzer zur�ckf�hren l�sst. Diese Daten werden miteinbezogen, um den virtuellen Assistent zu trainieren und zu verbessern.;Der virtuelle Assistent merkt sich das ganze Gespr�ch f�r denselben Tag, f�r den Fall, dass Sie R�ckfragen haben, oder etwas nachschauen m�ssen, wodurch Sie das Gespr�ch unterbrechen m�ssen. Nach 24 Stunden wird das Gespr�ch gel�scht.;1;8;2;7;"Das Unternehmen betreibt alles im eigenen Haus und hat eigens daf�r abgestellte Experten.;Das Unternehmen lagert die Daten im eigenen Haus, die Wartung wird aber durch Dritte durchgef�hrt.;Das Unternehmen verwendet Server eines gro�en Technologiekonzerns, etwa Google, Microsoft oder Amazon.;Das Unternehmen verwendet Server von unbekannten Drittanbietern. Es ist davon auszugehen, dass diese sich an die �bergeordneten Sicherheitsstandards ihres Klienten halten. Es ist auch davon auszugehen, dass andere Unternehmen ebenfalls die Server dieses Drittanbieters nutzen.;";"Wenn ich mit einem menschlichen Mitarbeiter kommuniziere und dieser mit einem virtuellen Assistenten in Kontakt steht.;Wenn ich mit einem Menschen kommuniziere und der virtuelle Assistent mitlie�t oder mith�rt, um dem menschlichen Mitarbeiter in Echtzeit Tipps zu geben.;";Bei meiner ersten Kontaktaufnahme und dann erst wieder bei der n�chsten �nderung der Datenschutzrichtlinien.;9;Ich m�chte vor jedem Gespr�ch dar�ber informiert werden.;9;9;10;1;0;1;9;6;8;7;10;0;3;9;9;8;8;8;"Zusammenfassen von Nutzeranfragen;Einsatz in der Aufnahmestelle und Weiterleiten an einen geeigneten Experten;Heraussuchen von L�sungsans�tzen aus der Datenbank;Beratende Unterst�tzung f�r menschliche Mitarbeiter;Ordnen verschiedener Nutzeranfragen nach Dringlichkeit;";keine, es muss Sinn machen und bessere Ergebnisse liefern, es darf kein Hinhalten sein oder Frust beim Kunden hervorrufen....;deutsch
56;4.26.24 10:57:33;4.26.24 12:16:26;anonymous;;English (United Kingdom)?;;Gymnasium (Abitur) ;30 - 39;3;7;Trifft zu;Trifft zu;9;6;7;5;6;Der virtuelle Assistent  sammelt Ticket-Daten aber anonymisiert dabei alles, was sich auf den einzelnen Nutzer zur�ckf�hren l�sst. Diese Daten werden miteinbezogen, um den virtuellen Assistent zu trainieren und zu verbessern.;Der virtuelle Assistent merkt sich das ganze Gespr�ch f�r denselben Tag, f�r den Fall, dass Sie R�ckfragen haben, oder etwas nachschauen m�ssen, wodurch Sie das Gespr�ch unterbrechen m�ssen. Nach 24 Stunden wird das Gespr�ch gel�scht.;2;8;2;2;"Das Unternehmen betreibt alles im eigenen Haus und hat eigens daf�r abgestellte Experten.;Das Unternehmen verwendet Server eines gro�en Technologiekonzerns, etwa Google, Microsoft oder Amazon.;Das Unternehmen lagert die Daten im eigenen Haus, die Wartung wird aber durch Dritte durchgef�hrt.;Das Unternehmen verwendet Server von unbekannten Drittanbietern. Es ist davon auszugehen, dass diese sich an die �bergeordneten Sicherheitsstandards ihres Klienten halten. Es ist auch davon auszugehen, dass andere Unternehmen ebenfalls die Server dieses Drittanbieters nutzen.;";"Wenn ich direkt mit einem virtuellen Assistenten kommuniziere.;Wenn ich mit einem Menschen kommuniziere und der virtuelle Assistent mitlie�t oder mith�rt, um dem menschlichen Mitarbeiter in Echtzeit Tipps zu geben.;";Ich m�chte vor jedem Gespr�ch dar�ber informiert werden.;2;Ich m�chte vor jedem Gespr�ch dar�ber informiert werden.;5;10;10;5;5;2;5;7;6;10;10;8;8;10;6;4;2;5;"Einsatz in der Aufnahmestelle und Weiterleiten an einen geeigneten Experten;Heraussuchen von L�sungsans�tzen aus der Datenbank;Beratende Unterst�tzung f�r menschliche Mitarbeiter;Sammeln fehlender Nutzerinformationen: Sie werden durch einen virtuellen Assistenten per Chat oder Telefon benachrichtigt, falls Nutzerdaten zur L�sung des Problems fehlen.;Zusammenfassen von Nutzeranfragen;Ordnen verschiedener Nutzeranfragen nach Dringlichkeit;";A big concern is that the virtual assistants are insufficient in solving complex (or rare) problems and at the same time replace human experts that have the expertise to actually solve those problems.;englisch
